Date,Temperature (°F),Dew Point (°F),Humidity (%),Wind Speed (mph),Pressure (inHg),Precipitation (in),R0orig,R0alp,R0dlt,R0omi
2020-03-01,41.5,30.7,66.4,17.0,28.7,0.0,,,,
2020-03-02,37.7,31.3,79.6,8.2,28.9,0.0,,,,
2020-03-03,39.2,35.3,86.3,9.2,29.2,0.0,,,,
2020-03-04,39.5,34.3,82.4,2.9,29.4,0.0,,,,
2020-03-05,37.9,30.5,77.0,6.9,29.2,0.0,,,,
2020-03-06,37.0,31.0,79.9,3.5,29.4,0.0,1.0000000148529775,,,
2020-03-07,46.4,41.1,82.3,9.8,29.5,0.0,1.0000000148529775,,,
2020-03-08,46.4,41.1,83.0,12.3,29.3,0.0,1.0000000148529775,,,
2020-03-09,44.6,40.1,85.4,13.6,29.4,0.0,38.84674289425961,,,
2020-03-10,51.6,46.8,85.0,13.2,29.3,0.0,18.52063872185984,,,
2020-03-11,46.3,40.0,79.1,12.7,29.3,0.0,22.729121696700613,,,
2020-03-12,42.0,32.2,68.8,19.1,29.4,0.0,7.369026568069818,,,
2020-03-13,44.1,36.8,77.2,9.2,29.7,0.0,5.091895818529041,,,
2020-03-14,47.2,42.4,83.3,8.1,29.5,0.0,4.945286002877736,,,
2020-03-15,46.6,40.9,80.9,10.5,29.4,0.0,2.9615060282946346,,,
2020-03-16,45.3,35.7,70.8,8.7,29.8,0.0,3.200077389591653,,,
2020-03-17,51.8,45.3,79.1,12.4,29.9,0.0,2.7577451089357505,,,
2020-03-18,45.3,41.1,86.7,7.6,29.9,0.0,2.9112931564980893,,,
2020-03-19,43.3,33.6,72.0,2.6,30.1,0.0,1.891030123009921,,,
2020-03-20,42.2,31.6,67.8,10.1,30.2,0.0,3.899905186279909,,,
2020-03-21,42.0,28.5,60.7,9.2,30.1,0.0,2.422226378632944,,,
2020-03-22,41.3,29.8,66.4,5.8,30.1,0.0,2.1266531389022187,,,
2020-03-23,44.3,28.4,56.5,5.0,30.0,0.0,2.9898992451954336,,,
2020-03-24,49.8,37.4,62.4,6.2,29.9,0.0,2.8110077078628364,,,
2020-03-25,51.1,32.5,51.3,3.7,29.9,0.0,5.030509543653378,,,
2020-03-26,46.4,25.9,50.4,4.0,30.0,0.0,5.757253250867751,,,
2020-03-27,42.4,27.4,58.4,6.7,30.1,0.0,6.259715814311553,,,
2020-03-28,43.6,32.9,66.8,15.7,30.3,0.0,13.087397691420898,,,
2020-03-29,39.7,26.0,57.8,15.4,30.5,0.0,13.62958385236979,,,
2020-03-30,41.0,30.4,67.8,7.4,30.3,0.0,31.26697160087203,,,
2020-03-31,43.8,35.8,74.6,6.6,30.2,0.0,37.66993047697753,,,
2020-04-01,44.0,37.2,78.1,7.6,29.9,0.0,67.17719736761107,,,
2020-04-02,46.9,40.3,78.7,13.3,29.7,0.0,79.33913756488447,,,
2020-04-03,45.6,36.5,71.8,6.9,29.7,0.0,154.60066362576026,,,
2020-04-04,47.9,39.3,73.7,4.7,29.8,0.0,257.9749227186386,,,
2020-04-05,57.3,37.1,47.5,8.9,29.6,0.0,904.290383523992,,,
2020-04-06,52.6,41.4,66.6,9.7,29.7,0.0,5.586101120467332,,,
2020-04-07,49.4,37.1,65.5,4.4,30.1,0.0,6.8340875486270924,,,
2020-04-08,54.8,42.5,65.3,3.8,30.0,0.0,5.215226776375676,,,
2020-04-09,54.0,45.3,74.0,4.8,30.0,0.0,1.9147852399169816,,,
2020-04-10,58.5,46.0,65.4,4.6,29.9,0.0,2.4918279132238066,,,
2020-04-11,58.6,48.4,69.4,5.4,29.9,0.0,4.305445046812141,,,
2020-04-12,52.7,47.0,82.2,6.3,29.7,0.0,3.4658124743288945,,,
2020-04-13,44.2,29.1,56.6,11.3,30.1,0.0,2.207419945888192,,,
2020-04-14,42.6,30.0,64.1,2.9,30.1,0.0,2.6924243703799755,,,
2020-04-15,48.9,33.8,61.5,2.5,29.9,0.0,2.694705745875545,,,
2020-04-16,53.2,34.2,52.7,6.1,29.8,0.0,1.25072904709494,,,
2020-04-17,49.6,38.3,66.0,9.4,29.8,0.0,3.0582953791063052,,,
2020-04-18,45.3,37.9,75.0,4.0,29.8,0.0,1.3838778067214772,,,
2020-04-19,48.8,33.3,60.0,6.7,29.9,0.0,1.3009287407092618,,,
2020-04-20,49.0,34.1,60.2,11.0,29.9,0.0,1.3146910300244323,,,
2020-04-21,52.3,36.8,59.3,11.8,29.9,0.0,1.448156837424829,,,
2020-04-22,53.9,39.4,61.7,8.8,29.9,0.0,1.2834800796233683,,,
2020-04-23,54.6,40.4,62.1,6.1,29.9,0.0,1.5015805003220422,,,
2020-04-24,54.7,38.3,57.9,3.1,29.7,0.0,1.05191162385702,,,
2020-04-25,53.6,40.1,62.5,3.5,29.7,0.0,1.1593819745186775,,,
2020-04-26,54.4,43.6,67.6,5.2,29.6,0.0,1.144881319143166,,,
2020-04-27,51.0,38.0,62.4,4.9,29.5,0.0,1.0141869003795296,,,
2020-04-28,46.5,38.9,75.5,4.7,29.4,0.0,1.4037201279368825,,,
2020-05-01,49.1,41.0,75.6,10.5,29.2,0.0,0.9619779228207024,,,
2020-05-02,49.3,41.9,76.9,7.1,29.5,0.0,1.314161682437181,,,
2020-05-03,49.3,41.7,76.9,2.4,29.7,0.0,0.9174203703870891,,,
2020-05-04,52.0,42.4,70.7,7.4,29.9,0.0,1.1174434652672869,,,
2020-05-05,49.6,36.0,60.6,8.1,29.9,0.0,1.0692663645520322,,,
2020-05-06,50.9,35.2,57.8,3.2,30.0,0.0,1.0566427155049458,,,
2020-05-07,56.3,42.1,61.1,3.8,29.9,0.0,1.0651930666234422,,,
2020-05-08,58.2,48.8,73.0,3.4,29.8,0.0,1.04237588677759,,,
2020-05-09,60.6,47.9,67.3,3.5,29.6,0.0,1.0264385685527728,,,
2020-05-10,48.4,38.2,69.4,14.4,29.7,0.0,1.2086777948731675,,,
2020-05-11,43.4,28.7,57.9,11.7,30.0,0.0,1.123045315666812,,,
2020-05-12,43.9,35.9,75.2,8.0,29.9,0.0,1.159943738897898,,,
2020-05-13,45.4,30.1,57.4,8.6,29.8,0.0,1.3522870774155615,,,
2020-05-14,44.8,31.1,62.9,5.3,30.0,0.0,1.0469314989455836,,,
2020-05-15,47.1,38.2,73.7,7.5,30.0,0.0,1.0249489617170988,,,
2020-05-16,50.3,38.8,68.0,7.4,29.9,0.0,1.0135485962180786,,,
2020-05-17,54.4,43.7,67.6,7.7,29.9,0.0,1.0710629819774562,,,
2020-05-18,55.8,47.5,74.3,8.5,29.9,0.0,1.3208397412873043,,,
2020-05-19,59.6,52.4,76.8,6.3,29.9,0.0,1.119511995184837,,,
2020-05-20,62.7,49.8,68.6,4.0,29.8,0.0,1.1300300716672431,,,
2020-05-21,60.4,46.6,62.4,5.2,29.8,0.0,1.0802442622523818,,,
2020-05-22,59.8,42.8,55.4,16.7,29.6,0.0,1.0497776318868202,,,
2020-05-23,55.4,40.9,59.4,16.7,29.8,0.0,1.02794748039097,,,
2020-05-24,56.5,46.9,71.3,13.1,30.1,0.0,1.0170573252155513,,,
2020-05-25,58.0,39.9,56.5,6.4,30.2,0.0,1.0192802885934509,,,
2020-05-26,58.2,46.8,66.3,5.6,30.3,0.0,1.046987691616895,,,
2020-05-27,59.4,43.6,60.9,4.3,30.3,0.0,0.9902705018158032,,,
2020-05-28,62.9,45.8,56.1,3.3,30.2,0.0,0.980889728365168,,,
2020-05-29,64.8,40.1,41.7,5.0,30.1,0.0,1.0040036342941625,,,
2020-05-30,62.2,40.5,46.0,5.7,30.0,0.0,1.0247924509076327,,,
2020-05-31,63.8,41.6,46.8,7.1,30.0,0.0,1.0347684478351844,,,
2020-06-01,63.5,42.9,48.1,6.3,30.0,0.0,1.0664872150363922,,,
2020-06-02,62.6,41.9,49.2,5.4,29.8,0.0,1.046466420139286,,,
2020-06-03,54.6,47.9,78.4,9.7,29.6,0.0,1.0332043503255262,,,
2020-06-04,50.9,44.7,79.6,7.9,29.4,0.0,1.0518676335301629,,,
2020-06-05,50.4,40.3,69.6,15.9,29.1,0.0,1.0137901828115872,,,
2020-06-06,54.5,45.2,73.1,12.9,29.2,0.0,1.0027132664189329,,,
2020-06-07,54.3,48.3,81.5,8.0,29.5,0.0,1.02658925858545,,,
2020-06-08,57.3,43.2,59.5,3.9,29.8,0.0,1.072050339825905,,,
2020-06-09,55.4,43.7,65.2,4.5,29.8,0.0,1.0912217776511537,,,
2020-06-10,54.3,48.5,82.1,3.7,29.7,0.0,1.0572020185836493,,,
2020-06-11,54.5,48.2,80.6,14.7,29.7,0.0,1.0978373393237248,,,
2020-06-12,57.9,53.1,83.9,13.3,29.5,0.0,1.037995229342856,,,
2020-06-13,64.4,53.8,70.7,6.1,29.5,0.0,1.0495159484497456,,,
2020-06-14,63.3,54.2,73.0,4.7,29.7,0.0,1.066634296792677,,,
2020-06-15,63.5,56.1,78.8,4.1,29.7,0.0,1.1124995799897095,,,
2020-06-16,61.3,58.8,92.0,4.3,29.7,0.0,1.1035408374766684,,,
2020-06-17,61.0,56.7,87.0,3.4,29.6,0.0,1.0784420518282178,,,
2020-06-18,56.2,55.2,96.5,5.9,29.6,0.0,1.0764973635631123,,,
2020-06-19,56.4,53.3,88.7,6.2,29.6,0.0,1.0690716905926343,,,
2020-06-20,60.5,51.6,74.0,5.8,29.7,0.0,1.0138695871078542,,,
2020-06-21,60.1,50.4,71.7,11.4,29.7,0.0,1.078533769677026,,,
2020-06-22,60.6,49.5,68.3,7.4,29.9,0.0,1.0375889549117736,,,
2020-06-23,67.6,54.9,65.3,6.4,29.9,0.0,1.0735356164099907,,,
2020-06-24,73.5,57.4,59.3,3.8,29.9,0.0,1.0455295056866778,,,
2020-06-25,75.2,56.3,53.9,5.5,29.7,0.0,1.0148721023214902,,,
2020-06-26,70.8,58.8,67.3,5.7,29.5,0.0,1.0288801501061715,,,
2020-06-27,59.9,55.0,84.8,7.9,29.3,0.0,1.005414568118655,,,
2020-06-28,55.7,48.3,77.3,14.8,29.4,0.0,1.0377059634080323,,,
2020-06-29,54.3,50.4,87.1,13.7,29.4,0.0,1.012507350885304,,,
2020-06-30,57.7,51.8,81.9,6.4,29.4,0.0,1.0374265381671672,,,
2020-07-01,58.6,54.5,87.1,4.7,29.4,0.0,1.01557678727251,,,
2020-07-02,57.4,53.6,87.8,4.8,29.6,0.0,1.028340195293083,,,
2020-07-03,57.7,53.1,85.7,10.2,29.6,0.0,1.002586214284274,,,
2020-07-04,61.6,58.0,89.1,9.1,29.4,0.0,1.0318589163382643,,,
2020-07-05,58.7,49.7,73.4,18.6,29.4,0.0,1.0082710122876462,,,
2020-07-06,56.6,47.8,74.3,13.6,29.8,0.0,1.0415977429692385,,,
2020-07-07,54.1,51.6,91.4,4.6,29.8,0.0,1.040030665464056,,,
2020-07-08,56.1,53.7,91.2,5.5,29.6,0.0,1.0151514195608573,,,
2020-07-09,55.8,53.1,90.2,6.8,29.0,0.0,1.0089788437566785,,,
2020-07-10,55.3,48.4,79.6,10.8,29.8,0.0,1.033291447382812,,,
2020-07-11,55.3,46.2,73.2,7.4,30.0,0.0,1.0005982532759763,,,
2020-07-12,57.4,45.9,68.3,4.3,30.1,0.0,0.9994850396379428,,,
2020-07-13,60.3,53.3,77.9,6.8,29.9,0.0,1.0143232777191178,,,
2020-07-14,56.7,50.3,79.3,8.0,29.8,0.0,1.0285119154752325,,,
2020-07-15,56.3,54.7,95.4,8.6,29.7,0.0,1.0095487956448383,,,
2020-07-16,60.5,57.3,90.3,7.6,29.8,0.0,1.0156437019315612,,,
2020-07-17,64.5,57.3,78.8,5.6,29.8,0.0,1.0218934051953743,,,
2020-07-18,59.9,57.7,93.0,6.2,29.7,0.0,1.0155499252556897,,,
2020-07-19,56.7,47.4,73.7,7.9,29.8,0.0,1.0447643896228405,,,
2020-07-20,54.4,45.6,73.8,6.5,30.0,0.0,1.028333991937461,,,
2020-07-21,55.7,47.6,76.0,4.2,30.0,0.0,1.0405053904296528,,,
2020-07-22,59.3,51.6,76.2,6.1,29.9,0.0,1.040479737174187,,,
2020-07-23,60.2,55.4,84.3,6.8,29.7,0.0,1.070346064765143,,,
2020-07-24,62.3,55.9,81.3,4.8,29.6,0.0,1.0156623037939785,,,
2020-07-25,62.0,57.3,85.0,7.0,29.4,0.0,1.007925658356547,,,
2020-07-26,60.4,53.0,77.1,9.9,29.5,0.0,1.0496504149315329,,,
2020-07-27,59.0,55.4,88.3,9.5,29.3,0.0,1.0625695132551574,,,
2020-07-28,56.8,48.3,73.5,14.3,29.6,0.0,1.1307947623688948,,,
2020-07-29,58.8,48.3,68.8,7.6,29.8,0.0,1.0943184006204305,,,
2020-07-30,65.5,53.6,67.6,3.4,29.8,0.0,1.0132879318419856,,,
2020-07-31,73.3,54.9,54.3,5.7,29.6,0.0,1.0256683372926203,,,
2020-08-01,60.6,53.4,78.2,6.6,29.7,0.0,1.0245983604674125,,,
2020-08-02,59.1,49.7,72.8,8.0,29.7,0.0,1.091602619336718,,,
2020-08-03,57.1,48.3,74.7,6.0,29.8,0.0,1.1091285213340751,,,
2020-08-04,57.1,51.3,81.3,7.5,29.6,0.0,1.0793718532879908,,,
2020-08-05,65.6,59.3,81.1,9.1,29.5,0.0,1.1121276659891346,,,
2020-08-06,67.0,61.4,82.7,4.0,29.7,0.0,1.049772695190654,,,
2020-08-07,70.9,63.8,79.3,4.8,29.8,0.0,1.0230951879764287,,,
2020-08-08,68.3,59.4,73.8,6.9,29.9,0.0,1.0272063084272998,,,
2020-08-09,64.8,56.9,76.2,6.8,29.9,0.0,1.0604947933838578,,,
2020-08-10,69.9,60.3,72.8,5.8,29.7,0.0,1.0595206138717104,,,
2020-08-11,73.3,65.3,76.9,5.2,29.7,0.0,1.058835485582244,,,
2020-08-12,74.1,64.7,74.8,4.3,29.7,0.0,1.0384793177854976,,,
2020-08-13,68.0,62.5,82.5,9.2,29.7,0.0,1.0265106719590902,,,
2020-08-14,66.3,58.8,77.9,7.7,29.7,0.0,1.010261342906444,,,
2020-08-15,63.3,55.9,77.8,5.1,29.7,0.0,0.9886923523650384,,,
2020-08-16,62.3,57.9,86.3,8.9,29.6,0.0,1.056660995775957,,,
2020-08-17,61.6,58.1,89.2,2.9,29.5,0.0,1.0477371964666573,,,
2020-08-18,63.5,57.9,83.4,5.9,29.4,0.0,1.0431664141640795,,,
2020-08-19,64.4,60.8,88.3,4.7,29.3,0.0,1.0382797185076762,,,
2020-08-20,65.6,53.2,65.3,7.6,29.2,0.0,1.0533838529973572,,,
2020-08-21,62.5,55.8,79.7,11.9,29.1,0.0,1.0530812930502709,,,
2020-08-22,60.0,55.0,83.7,11.3,29.4,0.0,1.0271042145428704,,,
2020-08-23,59.1,55.7,89.3,8.1,29.7,0.0,1.0579075403385068,,,
2020-08-24,59.6,50.1,72.1,5.7,29.6,0.0,1.0347210612194293,,,
2020-08-25,60.6,57.1,89.0,12.5,29.1,0.0,1.0987194506171256,,,
2020-08-26,59.0,54.5,86.2,12.4,29.6,0.0,1.0883493407049245,,,
2020-08-27,55.3,52.2,89.8,3.1,29.6,0.0,1.0776937255232344,,,
2020-08-28,54.8,50.1,84.5,10.8,29.4,0.0,1.072552571479661,,,
2020-08-29,52.2,44.7,75.8,10.1,29.6,0.0,1.0365428550911313,,,
2020-08-30,51.1,40.9,69.7,4.3,29.8,0.0,1.0605601007503982,,,
2020-09-01,58.0,46.9,67.9,2.5,29.8,0.0,1.1952222268497743,,,
2020-09-02,57.6,51.5,81.5,6.1,29.7,0.0,1.1068608624568768,,,
2020-09-03,61.4,55.8,82.4,9.3,29.6,0.0,1.109522320431641,,,
2020-09-04,56.6,48.5,75.9,8.8,29.8,0.0,1.1060508638650803,,,
2020-09-05,55.0,48.6,80.5,9.7,29.8,0.0,1.1214853363627455,,,
2020-09-06,55.8,51.4,86.4,5.7,29.8,0.0,1.2040246239296304,,,
2020-09-07,57.3,55.2,93.6,6.0,29.9,0.0,1.1972474744213502,,,
2020-09-08,65.0,62.2,90.8,6.4,29.9,0.0,1.0783406979568395,,,
2020-09-09,59.5,52.4,79.0,9.5,29.9,0.0,1.13400842160589,,,
2020-09-10,53.0,47.0,81.6,3.6,29.9,0.0,1.1559943683301626,,,
2020-09-11,57.2,49.1,75.5,9.4,29.7,0.0,1.1168996870804342,,,
2020-09-12,57.4,48.9,75.7,9.3,29.7,0.0,1.023396488699298,,,
2020-09-13,63.3,55.3,75.8,7.7,29.8,0.0,1.1388123791212192,,,
2020-09-14,63.6,54.7,75.2,3.1,29.9,0.0,1.1221855749611656,,,
2020-09-15,65.4,56.2,74.3,3.0,29.8,0.0,1.1422799206608043,,,
2020-09-16,58.8,55.0,87.8,6.5,30.0,0.0,1.1238386545044337,,,
2020-09-17,58.1,47.6,69.3,4.8,30.1,0.0,1.1391260153671252,,,
2020-09-18,54.3,45.7,74.1,5.7,30.0,0.0,1.1290842864028785,,,
2020-09-19,57.3,47.6,71.5,9.7,29.9,0.0,1.0916014871835082,,,
2020-09-20,55.1,47.0,75.8,5.2,29.9,0.0,1.0802050517959043,,,
2020-09-21,55.1,49.0,81.7,3.1,29.8,0.0,1.1730383768317054,,,
2020-09-22,58.0,52.9,85.1,5.8,29.5,0.0,1.179285633282559,,,
2020-09-23,54.7,51.3,89.1,6.8,29.2,0.0,1.1574571865741137,,,
2020-09-24,49.3,42.2,77.3,5.5,29.1,0.0,1.0808319135957305,,,
2020-09-25,49.8,39.3,68.3,13.3,29.4,0.0,1.1115927782117012,,,
2020-09-26,48.1,36.8,66.0,10.9,29.7,0.0,1.1191464605069783,,,
2020-09-27,48.2,37.9,69.6,7.5,29.7,0.0,1.1767399655821116,,,
2020-09-28,48.5,45.3,89.4,2.8,29.6,0.0,1.2256476839024806,,,
2020-09-29,53.5,48.2,83.8,2.3,29.7,0.0,1.0781143242186753,,,
2020-09-30,52.7,49.7,89.6,5.6,29.4,0.0,1.1114211936568628,,,
2020-10-01,49.1,44.6,86.1,5.4,29.1,0.0,1.1566459469155914,,,
2020-10-02,51.6,46.2,81.8,13.2,29.1,0.0,1.1270097086274822,,,
2020-10-03,52.6,51.1,95.1,11.9,28.9,0.0,1.1048866508242434,,,
2020-10-04,52.6,47.3,83.8,8.0,28.7,0.0,1.259781360761938,,,
2020-10-05,53.3,51.0,92.4,6.9,29.0,0.0,1.2059557478855565,,,
2020-10-06,51.7,49.7,93.4,7.6,29.1,0.0,1.2054007735293395,,,
2020-10-07,51.9,47.4,86.0,9.6,29.5,0.0,1.2138516017847012,,,
2020-10-08,51.6,48.3,89.8,7.4,29.5,0.0,1.1425584316104516,,,
2020-10-09,46.5,43.2,87.8,7.8,29.7,0.0,1.0588517308527392,,,
2020-10-10,49.2,46.4,91.0,9.6,29.9,0.0,1.1251921711032506,,,
2020-10-11,46.9,42.1,84.5,4.4,30.0,0.0,1.2703059129961518,,,
2020-10-12,48.5,46.2,90.6,6.2,29.8,0.0,1.1887596785406842,,,
2020-10-13,46.6,44.2,92.2,6.1,29.6,0.0,1.254941691514496,,,
2020-10-14,50.6,46.0,85.0,7.9,30.0,0.0,1.1199031987349508,,,
2020-10-15,46.6,42.0,84.2,6.0,30.1,0.0,1.1162367874915005,,,
2020-10-16,48.8,43.6,81.8,6.0,30.0,0.0,1.0900896411088503,,,
2020-10-17,47.2,44.6,90.5,3.4,30.0,0.0,1.060454802071521,,,
2020-10-18,48.6,45.6,89.2,2.6,29.9,0.0,1.3011094390708655,,,
2020-10-19,50.9,44.7,79.6,5.6,29.6,0.0,1.3266354013197992,,,
2020-10-20,57.2,50.7,79.2,7.5,29.2,0.0,1.293612700802953,,,
2020-10-21,56.0,54.0,93.5,4.9,29.1,0.0,1.2313418336599171,,,
2020-10-22,48.9,43.6,81.5,9.2,29.4,0.0,1.19212798158163,,,
2020-10-23,46.3,41.6,84.4,6.1,29.4,0.0,1.0916656779968623,,,
2020-10-24,49.7,46.6,89.0,7.6,29.1,0.0,1.1190494191783704,,,
2020-10-25,47.1,42.2,82.9,7.2,29.0,0.0,1.2671015979417768,,,
2020-10-26,47.4,44.2,88.4,11.0,29.1,0.0,1.2927561204174056,,,
2020-10-27,46.4,43.6,90.2,7.5,29.1,0.0,1.200659745014754,,,
2020-10-28,46.2,41.3,82.9,8.1,29.2,0.0,1.172856557299408,,,
2020-10-29,50.5,47.7,89.7,9.1,29.4,0.0,1.146150929176105,,,
2020-10-30,54.0,51.9,93.3,8.5,29.6,0.0,1.0301448455677444,,,
2020-10-31,53.9,48.9,83.1,10.9,29.4,0.0,1.0101976149017768,,,
2020-11-01,54.4,48.9,82.3,11.8,29.1,0.0,1.283109951507167,,,
2020-11-02,52.2,46.5,81.3,15.1,29.2,0.0,1.1306252146071487,,,
2020-11-03,42.5,38.6,86.9,6.3,29.7,0.0,0.9560773996682764,,,
2020-11-04,40.6,38.9,93.8,3.1,30.2,0.0,1.0811124843724902,,,
2020-11-05,45.3,43.8,94.5,2.4,30.4,0.0,1.0233424967557003,,,
2020-11-06,46.8,42.1,84.8,3.3,30.1,0.0,0.9564671818959676,,,
2020-11-07,46.5,42.0,84.3,2.8,29.8,0.0,0.8979999966694602,,,
2020-11-08,49.1,45.7,87.9,3.0,29.8,0.0,1.07853128018088,,,
2020-11-09,55.1,53.9,93.6,2.7,29.8,0.0,1.0554983384326968,,,
2020-11-10,53.5,50.2,88.8,4.3,29.9,0.0,1.066870369493905,,,
2020-11-11,52.2,47.6,85.2,8.0,29.6,0.0,1.0468841594699565,,,
2020-11-12,49.9,44.6,82.2,9.4,29.5,0.0,0.9248604437942626,,,
2020-11-13,48.3,43.1,82.3,8.3,29.5,0.0,0.8773894744867163,,,
2020-11-14,51.6,48.3,87.5,7.6,29.3,0.0,0.8041440415887178,,,
2020-11-15,49.7,43.7,81.0,10.8,29.0,0.0,1.0689506942986864,,,
2020-11-16,50.3,45.9,85.3,12.4,29.4,0.0,0.9255189756163776,,,
2020-11-17,55.9,52.0,86.2,11.2,29.7,0.0,0.8771378395573224,,,
2020-11-18,51.9,45.6,80.2,12.1,29.6,0.0,0.8889816480802225,,,
2020-11-19,43.8,38.1,80.5,8.8,30.0,0.0,0.8441389311629874,,,
2020-11-20,45.0,42.3,90.0,7.1,30.1,0.0,0.8009079206951748,,,
2020-11-21,50.4,46.8,87.6,9.8,29.9,0.0,0.7019754885793228,,,
2020-11-22,43.4,38.1,82.3,7.8,30.0,0.0,0.8579088620730997,,,
2020-11-23,42.4,39.5,89.2,6.8,29.9,0.0,0.8659146986112095,,,
2020-11-24,51.5,46.1,83.0,8.3,29.6,0.0,0.8372374397137605,,,
2020-11-25,44.9,42.7,92.5,5.3,29.6,0.0,0.884574880742329,19.34869116369783,,
2020-11-26,41.5,39.3,92.2,2.6,29.9,0.0,0.7541158003100759,7.61251851601655,,
2020-11-27,38.9,36.7,92.3,2.2,29.8,0.0,0.7999875771117193,1.0207844933767765,,
2020-11-28,43.0,40.9,91.5,3.4,29.8,0.0,0.7911437995816564,6.506624091527533,,
2020-11-29,45.5,45.3,98.8,2.0,30.0,0.0,0.9429126134612263,1.0125395881686972,,
2020-11-30,46.2,43.8,91.7,9.8,29.9,0.0,0.9813388297022231,1.0245116424640894,,
2020-12-01,37.2,34.6,91.3,2.0,30.0,0.0,0.8917736657124099,1.020906029855451,,
2020-12-02,43.0,40.3,89.9,5.7,29.7,0.0,0.8080876249794834,1.0195212670425808,,
2020-12-03,38.6,36.7,92.4,6.2,28.9,0.0,0.9229445909336392,5.599187288004526,,
2020-12-04,37.0,35.7,93.8,8.1,28.5,0.0,0.9057571715118612,4.286703142070422,,
2020-12-05,38.0,35.8,90.9,6.6,29.0,0.0,0.8349152214008437,1.0098310127795729,,
2020-12-06,36.3,36.0,98.7,1.5,29.3,0.0,1.047261527988644,12.330632854861033,,
2020-12-07,36.5,35.9,97.9,2.2,29.2,0.0,0.9544261886038744,4.482376538517325,,
2020-12-08,39.8,38.7,95.6,7.0,29.3,0.0,1.028774699629736,1.017550837916014,,
2020-12-09,42.3,39.3,90.0,6.0,29.4,0.0,1.0236939721882807,1.0156290939257344,,
2020-12-10,44.5,39.9,85.3,7.2,29.1,0.0,0.9911361378754684,7.779881874082732,,
2020-12-11,46.5,45.3,94.8,4.2,28.8,0.0,0.976941321883846,3.097847562182725,,
2020-12-12,44.0,43.0,95.9,7.2,29.2,0.0,1.0118153907184166,1.0088729938121317,,
2020-12-13,44.0,41.6,91.2,7.2,29.2,0.0,1.1634376433281548,9.77759020581029,,
2020-12-14,48.0,43.4,83.5,8.1,29.1,0.0,1.1703115895577905,2.876831865004458,,
2020-12-15,45.4,40.9,84.6,5.8,29.3,0.0,1.1555556846273851,1.8679520912762035,,
2020-12-16,46.1,43.0,87.8,8.0,29.3,0.0,1.2772162780155718,3.1866004414680416,,
2020-12-17,45.3,42.1,88.5,7.4,29.5,0.0,1.1343296036116386,7.004736333916767,,
2020-12-18,53.9,50.9,89.4,10.0,29.3,0.0,1.1282919908381008,6.584150915996313,,
2020-12-19,48.6,43.8,84.0,8.7,29.2,0.0,1.1317130666779962,5.804829608751887,,
2020-12-20,43.2,39.2,87.1,7.6,29.5,0.0,1.3146141624811347,5.973775326024906,,
2020-12-21,46.5,44.7,93.4,5.7,29.3,0.0,1.376966250874461,1.5667744548254174,,
2020-12-22,40.1,38.6,94.3,4.2,29.5,0.0,1.283286618180479,3.972763624546929,,
2020-12-23,42.3,38.2,86.7,14.0,29.5,0.0,1.3586391801657949,4.610028742947631,,
2020-12-24,36.4,29.7,77.3,9.7,30.0,0.0,0.9951409960523848,1.956110803576458,,
2020-12-25,31.4,28.2,88.2,3.7,30.1,0.0,1.2684311379587512,2.446226130661937,,
2020-12-26,44.1,40.1,85.9,11.0,29.5,0.0,1.3345105927728556,4.107327621043433,,
2020-12-27,39.4,35.8,86.2,11.0,28.4,0.0,1.197513841676757,4.330128087932456,,
2020-12-28,34.3,32.8,95.1,4.9,27.9,0.0,1.535250854674286,7.713855735544378,,
2020-12-29,31.9,31.2,97.4,3.5,29.0,0.0,1.5005008887745266,7.605388632633589,,
2020-12-30,31.0,30.9,99.6,2.2,29.3,0.0,1.3425771875504466,6.256762871509732,,
2020-12-31,32.3,32.3,100.0,2.6,29.4,0.0,1.0789248522041437,4.062523516023674,,
2021-01-01,33.9,33.0,96.0,3.8,29.6,0.0,1.3107100601676127,6.4765158108361875,,
2021-01-02,31.0,30.0,96.7,3.2,29.8,0.0,1.2292739835193225,5.990064998403157,,
2021-01-03,35.7,32.9,89.4,7.8,29.9,0.0,1.2666569834091612,6.291712312926087,,
2021-01-04,36.6,32.7,86.3,10.2,30.0,0.0,1.3543382541235645,6.617938003431088,,
2021-01-05,36.6,32.3,84.9,9.8,30.0,0.0,1.1731223004065725,5.110489653361427,,
2021-01-06,32.6,30.5,92.5,4.2,29.9,0.0,1.06791672567605,4.245398315298596,,
2021-01-07,29.3,28.6,97.5,1.9,29.8,0.0,0.9736138460805704,3.6320880320494164,,
2021-01-08,34.5,33.2,95.0,6.3,29.8,0.0,0.9090670770601136,2.9680264824855,,
2021-01-09,32.2,31.0,95.8,2.8,30.0,0.0,0.8866927230958269,3.125352889705756,,
2021-01-10,37.1,35.3,93.9,5.2,29.9,0.0,0.9485497231739888,4.284937881060601,,
2021-01-11,43.4,40.7,90.8,10.6,29.6,0.0,0.9449944162572124,4.3546432368288235,,
2021-01-12,39.2,35.7,88.5,5.1,29.6,0.0,0.8384483613867119,3.1749320046585288,,
2021-01-13,37.3,36.6,97.5,2.0,29.8,0.0,0.7631198038058499,2.4530848604908897,,
2021-01-14,37.5,36.1,94.8,4.5,29.8,0.0,0.730491767572917,2.141866364459145,,
2021-01-15,29.9,29.4,98.0,3.5,30.1,0.0,0.7154499456551398,1.6937655391853674,,
2021-01-16,42.6,39.2,88.0,11.3,29.7,0.0,0.7051898416640133,1.5153090879182527,,
2021-01-17,41.2,37.3,86.4,9.5,29.9,0.0,0.8036960536981922,2.6323007845255546,,
2021-01-18,40.4,38.1,91.3,7.0,29.7,0.0,0.815416621440748,2.344473459597044,,
2021-01-19,48.0,46.4,94.5,9.0,29.2,0.0,0.8314177407593755,2.1172988663205943,,
2021-01-20,46.3,45.7,98.2,9.1,28.7,0.0,0.8062455906729985,1.1593713341312395,,
2021-01-21,37.2,33.7,86.7,11.8,28.6,0.0,0.8359793210930062,1.2888919265219454,,
2021-01-22,37.1,33.4,86.9,7.2,28.9,0.0,0.8503526515534243,0.8011687680183031,,
2021-01-23,32.7,31.9,97.4,4.3,29.1,0.0,0.889430515266566,1.0689070092820276,,
2021-01-24,31.7,28.0,87.8,4.3,29.2,0.0,0.9348261135460167,1.3315885098335252,,
2021-01-25,31.9,29.3,90.8,5.2,29.5,0.0,0.9979636360463014,1.5388699671693638,,
2021-01-26,35.5,33.3,91.8,4.7,29.6,0.0,1.0029442535063102,1.290530319861377,,
2021-01-27,44.7,44.1,97.3,2.5,29.5,0.0,0.9946057500301804,1.2689238095906628,,
2021-01-28,46.8,45.2,94.7,5.3,29.2,0.0,0.9885739043976409,0.9756180986438364,,
2021-01-29,45.6,43.6,92.2,8.3,29.1,0.0,0.9675530124992509,0.5237200256265987,,
2021-01-30,37.4,31.3,78.3,12.6,29.3,0.0,1.0049841640509447,0.2415659626366521,,
2021-02-01,34.7,28.0,77.5,3.0,29.2,0.0,1.0464962983864363,0.5204921314449107,,
2021-02-02,40.6,38.7,92.5,5.8,29.0,0.0,1.1122093878264885,0.7985887910605193,,
2021-02-03,44.0,42.4,93.5,4.5,29.1,0.0,1.0802753631836879,0.4983959967306877,,
2021-02-04,42.9,40.3,91.0,4.2,29.4,0.0,1.0424080551642698,0.4799330978736216,,
2021-02-05,43.6,41.0,90.8,3.2,29.4,0.0,1.0208533212996094,0.6514075664403312,,
2021-02-06,39.9,37.7,91.7,8.6,29.5,0.0,1.0590639478309432,0.07780569458054176,,
2021-02-07,35.3,27.7,75.0,14.1,29.6,0.0,1.0819880298613536,1.0189538507568658,,
2021-02-08,32.9,25.5,73.9,14.2,29.5,0.0,1.0856863332639208,0.8719782963166598,,
2021-02-09,31.1,25.1,77.9,9.2,29.5,0.0,1.0693001191690932,1.1501304081192143,,
2021-02-10,29.5,22.2,74.9,7.3,29.8,0.0,1.0834811237755213,1.7459591644788075,,
2021-02-11,29.1,20.0,70.8,5.9,30.0,0.0,1.068711305090219,1.4657343852340494,,
2021-02-12,30.7,19.6,63.9,8.9,30.1,0.0,1.054461251286216,0.6717899590337342,,
2021-02-13,29.9,13.9,52.3,9.6,30.1,0.0,1.0451911503064182,0.8269367958563664,,
2021-02-14,38.3,28.4,69.0,10.7,29.8,0.0,1.0820039085906137,2.2161272822974367,,
2021-02-15,47.5,43.5,86.0,6.5,29.7,0.0,1.0911585018831549,2.0050609441184024,,
2021-02-16,47.9,43.8,85.2,7.3,29.4,0.0,1.060181619465787,1.4265207947701914,,
2021-02-17,47.8,41.6,79.2,8.3,29.4,0.0,1.053413238819663,1.4573664282078982,,
2021-02-18,46.8,39.5,76.1,10.9,29.2,0.0,1.0458310722285455,1.2231855882921627,,
2021-02-19,47.8,41.5,79.1,10.5,29.3,0.0,1.0384391155837565,1.0539787065909565,,
2021-02-20,53.4,47.3,81.6,11.1,29.1,0.0,1.0250831728642926,1.0140300847342438,,
2021-02-21,49.4,44.5,83.5,4.7,29.4,0.0,0.9827469616984604,1.7131513281037902,,
2021-02-22,46.8,42.0,84.8,3.6,29.6,0.0,0.9983561468222024,1.1875611210766976,,
2021-02-23,50.3,41.8,73.7,11.5,29.7,0.0,0.9905758829297516,0.7015504896825056,,
2021-02-24,54.1,49.9,86.0,9.9,29.7,0.0,0.989253409831859,0.8569668678093373,,
2021-02-25,44.3,38.7,81.0,7.0,30.0,0.0,0.9879420236555078,0.2187800112151396,,
2021-02-26,40.8,35.4,82.3,4.4,30.3,0.0,0.9867325463049168,0.14271127717529442,,
2021-02-27,41.3,35.8,82.2,3.4,30.4,0.0,0.9820920979632968,0.07372209596756217,,
2021-02-28,39.7,34.4,83.7,2.0,30.4,0.0,0.97893479344529,0.6536438834182261,,
2021-03-01,39.4,33.5,81.6,3.5,30.2,0.0,0.9896377566173484,0.4579743793440981,,
2021-03-02,36.8,32.4,84.9,1.9,30.1,0.0,0.9908870945712684,0.5334233446574926,,
2021-03-03,35.8,33.0,89.7,2.8,30.1,0.0,0.9883350736145804,0.8641975163560731,,
2021-03-04,39.9,33.6,78.4,7.0,30.0,0.0,0.9869581433360686,0.6887454519375052,,
2021-03-05,39.4,28.3,64.7,5.5,30.2,0.0,0.9876934399378352,0.7853062965455004,,
2021-03-06,37.4,24.5,60.3,2.1,30.3,0.0,0.9870958849142991,0.4291293238098084,,
2021-03-07,37.4,30.1,75.2,3.9,30.1,0.0,0.9866392289674932,1.3574863003519573,,
2021-03-08,39.3,33.5,81.1,4.6,29.9,0.0,0.99296486085604,1.4299764675044755,,
2021-03-09,41.8,36.2,81.5,6.0,29.8,0.0,0.9922343733710508,1.631328852464248,,
2021-03-10,47.1,43.4,87.7,12.4,29.2,0.0,0.9914428224936828,1.2917637490969356,,
2021-03-11,45.2,37.8,75.3,19.7,28.9,0.0,0.9946155741568308,1.1452819383644632,,
2021-03-12,42.2,35.7,77.9,11.9,29.1,0.0,0.9918348679850704,1.258310118426912,,
2021-03-13,42.3,35.9,79.3,17.8,29.0,0.0,0.9908402196327482,1.1441475422456655,,
2021-03-14,44.3,40.1,85.3,14.8,29.6,0.0,0.9917858914805308,1.6981244485165354,,
2021-03-15,47.3,41.2,78.9,11.2,29.9,0.0,0.993980909982322,1.6353340703491166,,
2021-03-16,48.1,44.5,87.9,9.0,30.1,0.0,0.9947698173532474,1.5815929164551517,,
2021-03-17,42.5,38.1,85.3,3.9,30.3,0.0,0.9943495917735071,1.1125773871417446,,
2021-03-18,43.8,42.1,92.6,5.9,30.2,0.0,0.99481343668213,1.1124786654309502,,
2021-03-19,46.8,41.7,81.3,9.6,30.1,0.0,0.9959212042270916,0.9260458894433348,,
2021-03-20,46.8,42.7,84.3,7.4,30.2,0.0,0.9941689448928952,1.4021008378220272,,
2021-03-21,44.6,39.6,83.4,4.3,30.1,0.0,0.9937816208771942,1.2932284932436509,,
2021-03-22,45.5,38.2,76.8,5.8,30.0,0.0,0.9976518441222232,0.9759942799888129,,
2021-03-23,47.3,38.2,71.3,7.4,29.9,0.0,0.998117459796202,1.421607187133544,,
2021-03-24,48.1,39.4,73.3,8.3,29.8,0.0,0.9977793102438648,1.265685754877364,,
2021-03-25,49.4,39.1,69.3,9.0,29.7,0.0,0.9981994139959608,1.059253370960483,,
2021-03-26,45.8,37.1,72.8,13.0,29.4,0.0,0.9988356638823864,0.8775366584840107,,
2021-03-27,43.9,33.8,68.1,14.0,29.7,0.0,0.9973687253846756,1.235954167951574,,
2021-03-28,51.8,47.0,84.3,15.3,29.7,0.0,0.9978013351032421,1.0358439699353552,,
2021-03-29,55.6,48.2,77.4,12.6,29.9,0.0,1.0019225994820518,0.6743039918453251,,
2021-03-30,55.8,43.4,65.5,3.6,30.0,0.0,0.9999518322447986,1.2425448903062195,,
2021-03-31,60.1,44.7,57.2,5.2,29.8,0.0,0.9996666882390058,1.0893850346534308,,
2021-04-01,46.1,39.0,76.3,8.5,30.0,0.0,0.9996394598981893,0.908197237183564,,
2021-04-02,43.5,32.5,66.5,7.5,30.2,0.0,0.9994740650641778,0.7015962749446161,,
2021-04-03,45.3,33.9,64.9,8.0,30.2,0.0,0.9980893478571508,0.6197723371976028,,
2021-04-04,44.4,38.6,81.5,8.6,30.0,0.0,0.9978876454029106,0.7503405546028576,,
2021-04-05,40.5,23.1,52.3,15.6,29.8,0.0,0.999911055494891,0.6725124389348534,,
2021-04-06,36.3,23.6,61.4,10.4,29.9,0.0,1.000701762244817,0.7245015738584542,,
2021-04-07,36.5,24.5,64.4,7.6,29.9,0.0,1.0010493144850776,0.8837602958700419,,
2021-04-08,45.4,35.9,70.8,13.8,29.8,0.0,1.0006829864014768,0.8336236441697462,,
2021-04-09,43.6,32.4,67.4,9.2,29.6,0.0,0.9996931254095528,0.8075337630574169,,
2021-04-10,36.3,32.1,85.6,4.4,29.7,0.0,0.9997160437715116,0.6978638714862612,,
2021-04-11,38.4,28.4,70.6,6.6,29.9,0.0,0.9999891367925476,0.8916267314692187,,
2021-04-12,38.0,25.4,64.9,4.3,30.1,0.0,1.0015909216579706,0.9556491216642758,,
2021-04-13,41.0,30.2,67.2,3.0,30.2,0.0,1.0014525378878203,1.0930709431549839,,
2021-04-14,43.1,32.3,70.0,2.5,30.2,0.0,1.001744091956417,1.1785540895327251,,
2021-04-15,41.9,28.8,63.1,3.1,30.3,0.0,1.0011109467498311,1.2673703050142022,,
2021-04-16,44.3,29.0,58.0,2.9,30.2,0.0,1.0018418864076732,0.9650367044470542,,
2021-04-17,46.2,32.0,59.8,3.1,30.1,0.0,1.0003974762760148,1.0468361069847814,,
2021-04-18,48.5,33.5,57.5,2.8,30.0,0.0,1.0009235400219645,1.1049841384105632,,
2021-04-19,50.5,32.3,52.4,3.1,29.9,0.0,1.0023901437381575,1.3782174822996258,,
2021-04-20,51.3,38.3,63.6,3.9,29.8,0.0,1.0023291574333928,1.2143949890881531,,
2021-04-21,49.0,36.6,63.3,7.5,29.9,0.0,1.00251625882906,1.1052760893068794,,
2021-04-22,46.5,27.4,53.0,3.3,30.1,0.0,1.0026352293677203,0.9965578785623914,,
2021-04-23,52.2,29.0,43.7,3.5,30.1,0.0,1.00219708761371,1.0792790103252947,,
2021-04-24,52.1,34.4,52.4,5.6,30.1,0.0,1.0014316997685635,1.1567784141033437,,
2021-04-25,47.9,35.6,63.1,5.9,30.1,0.0,1.002052467924169,1.3167147796313254,,
2021-04-26,47.4,35.1,64.4,3.0,29.9,0.0,1.0029591047512425,0.9997759349764972,,
2021-04-27,48.8,39.7,71.8,6.5,29.5,0.0,1.0026041821298275,1.156582868614273,,
2021-04-28,45.8,34.5,66.8,11.7,29.6,0.0,1.0035934500789765,1.0257461418908935,,
2021-05-01,43.7,33.1,68.8,4.5,29.8,0.0,1.0018686915024158,0.9996625787198704,,
2021-05-02,43.0,36.1,78.2,4.8,29.8,0.0,1.003109310641315,1.1584476957096328,,
2021-05-03,44.8,41.8,88.4,8.4,29.4,0.0,1.0022403487117106,1.180240062579187,,
2021-05-04,43.5,39.3,85.8,14.9,29.2,0.0,1.0016907804688129,1.3059318292080573,,
2021-05-05,41.8,33.0,74.0,6.7,29.5,0.0,1.001886034240423,1.2800595042539913,,
2021-05-06,41.0,35.9,83.4,7.6,29.4,0.0,1.0018864608962141,1.2278975346963346,35.634370821829535,
2021-05-07,44.8,35.9,73.3,6.5,29.7,0.0,1.0014133548254764,1.1759719987648176,16.39915429577259,
2021-05-08,49.7,45.9,86.8,6.6,29.3,0.0,1.0011653831300642,1.3442639138298786,16.753872208138517,
2021-05-09,55.0,48.1,78.6,6.8,29.1,0.0,1.0011591569659213,1.2926171355042824,10.797875687157203,
2021-05-10,53.1,44.8,74.3,7.9,29.1,0.0,1.001775882901392,1.1220959369112484,5.002661808277672,
2021-05-11,48.6,42.9,80.7,4.7,29.4,0.0,1.0017947541868264,1.3363620362877475,8.361699868971431,
2021-05-12,50.6,43.3,77.5,5.3,29.4,0.0,1.0017624856137737,1.1921109548369109,7.775102552867353,
2021-05-13,52.0,46.1,80.3,6.1,29.5,0.0,1.0014524387767565,1.0471567113988056,3.3686063317310015,
2021-05-14,49.5,42.0,75.7,4.0,29.5,0.0,1.0016521751892542,1.0710321512447991,3.896256159168349,
2021-05-15,50.3,45.0,82.3,3.9,29.3,0.0,1.001295341920028,1.0905857112247668,4.86274767105366,
2021-05-16,51.4,45.2,80.3,3.9,29.1,0.0,1.0012469693969244,1.2063256103391975,9.138704821552317,
2021-05-17,49.0,43.8,84.3,4.9,29.4,0.0,1.0013837219397959,1.1774609367774658,7.597717210558567,
2021-05-18,51.2,42.2,73.0,6.3,29.6,0.0,1.001306027601455,1.0627496099798777,5.218308798823409,
2021-05-19,49.5,40.1,73.5,7.0,29.8,0.0,1.0015941834988962,1.1990389211189625,7.33013892108762,
2021-05-20,49.0,44.0,83.4,7.7,29.4,0.0,1.0012789143688423,1.0608377471149062,4.84136652596113,
2021-05-21,51.0,48.5,91.9,11.9,28.9,0.0,1.0013096475075096,1.0149486664848966,3.3864822153018235,
2021-05-22,47.0,39.3,75.6,8.6,29.3,0.0,1.0007382597528838,1.0586022015851717,4.246462569686104,
2021-05-23,47.1,41.8,82.0,6.8,29.3,0.0,1.0015941390046,1.2323838741230464,8.212558674173026,
2021-05-24,48.6,41.8,78.7,7.5,29.3,0.0,1.0015825532246332,1.4459108853761755,10.59071692452416,
2021-05-25,49.8,44.1,81.5,11.7,29.6,0.0,1.0014271123734253,1.5376042375812615,10.711279504943338,
2021-05-26,50.0,44.5,82.0,7.4,29.7,0.0,1.0015773816759794,1.4120752429050394,7.572016027879133,
2021-05-27,53.7,44.5,74.6,3.2,29.8,0.0,1.0014170356499708,1.537305707843433,8.284149152916948,
2021-05-28,57.0,47.6,72.7,2.7,29.9,0.0,1.0010361529319802,1.3647916768460902,6.172536828471607,
2021-05-29,60.0,51.5,73.9,3.2,30.1,0.0,1.0010503310239396,1.3793819509880452,5.894067538713419,
2021-05-30,60.7,44.2,58.3,4.4,30.1,0.0,1.001390661375268,1.4266367904310784,6.1964995604060755,
2021-05-31,59.1,47.4,66.8,4.4,29.9,0.0,1.0017454611290468,1.5067622774498366,7.0592023709465455,
2021-06-01,66.0,48.3,54.2,5.4,29.7,0.0,1.0012891095091765,1.8748409101975283,10.29527657042049,
2021-06-02,66.3,50.6,57.8,7.7,29.7,0.0,1.001509962854216,1.3872893814296308,5.400651418977691,
2021-06-03,62.5,54.9,76.0,6.3,29.8,0.0,1.001362526656005,1.7865731580532769,8.901103751402813,
2021-06-04,57.8,44.4,62.5,3.7,29.9,0.0,1.0010898581119854,1.3415581862854926,5.12802692547602,
2021-06-05,59.6,47.7,67.7,4.8,29.9,0.0,1.0009455045491304,1.556838358599599,6.892657609819231,
2021-06-06,61.4,51.2,69.9,4.5,30.0,0.0,1.0009097331090369,1.6999861737421045,7.808540268767095,
2021-06-07,61.7,51.7,71.3,5.6,29.9,0.0,1.0013683951814094,1.5573383120834607,6.668929544434446,
2021-06-08,60.7,47.7,65.6,5.2,29.9,0.0,1.0017099765471158,1.6491258772490651,7.019707577525931,
2021-06-09,63.8,53.8,71.3,7.1,29.8,0.0,1.0016011307090855,1.3875376069955752,5.438808314759463,
2021-06-10,65.5,58.7,79.5,7.0,29.8,0.0,1.0015789044773755,1.2952148751475168,5.088465059537418,
2021-06-11,62.5,54.3,76.0,9.1,29.8,0.0,1.0012450252672491,1.270168923683236,4.719667024205105,
2021-06-12,57.7,47.3,70.5,7.5,29.9,0.0,1.000987244751862,1.3633950795770948,5.515643950045967,
2021-06-13,65.5,55.8,71.3,3.1,30.0,0.0,1.0015639427044798,1.4053800447633331,5.870176031044357,
2021-06-14,59.9,51.2,74.1,7.4,29.9,0.0,1.0017783105949267,1.486878724858366,6.324372537283633,
2021-06-15,59.5,47.2,67.0,3.9,29.9,0.0,1.0013020725424642,1.4142340211113316,6.083017463275503,
2021-06-16,64.0,53.2,68.6,6.7,29.6,0.0,1.0014396439050175,1.1926594300426618,4.7042572470280115,
2021-06-17,60.9,49.5,66.3,7.5,29.6,0.0,1.0014185672306426,1.065762931871695,3.77772210505546,
2021-06-18,57.6,48.2,71.9,6.0,29.8,0.0,1.001343270650975,0.9811257747156664,3.5542844141511787,
2021-06-19,57.3,47.8,72.5,4.0,29.7,0.0,1.0010151971162529,1.1091600967768145,4.572564731586716,
2021-06-20,56.8,47.3,72.8,6.0,29.6,0.0,1.0012962970342332,1.2980649722638895,5.657525736361816,
2021-06-21,54.7,46.2,74.2,7.9,29.7,0.0,1.0018984278013388,1.1455784961262443,4.6128170345991,
2021-06-22,55.7,42.0,62.3,6.3,29.9,0.0,1.0019018527687424,1.0628007103861954,4.112497736033449,
2021-06-23,54.7,48.8,82.0,5.3,30.0,0.0,1.0019159141029321,1.1235152016742842,4.471185178708653,
2021-06-24,59.6,56.8,91.3,6.6,29.9,0.0,1.0016233042214575,1.0300681744509976,3.934956507349765,
2021-06-25,54.7,51.1,88.5,10.2,29.8,0.0,1.0014345990994415,0.8644173531213438,2.8826106036896317,
2021-06-26,59.3,49.8,71.9,7.0,29.8,0.0,1.001392409849563,0.9053740467058086,3.3835426604179157,
2021-06-27,60.3,53.4,78.3,7.5,29.8,0.0,1.0014995368373534,1.1329664031598945,5.429056879170521,
2021-06-28,58.4,53.3,83.3,3.9,29.8,0.0,1.0021595192319486,0.9970189705782652,3.914577434387143,
2021-06-29,63.9,52.6,70.2,5.5,29.8,0.0,1.0022522715201576,0.9594492183895909,3.708141666346944,
2021-06-30,61.1,52.5,74.0,4.7,29.8,0.0,1.0023844621660574,0.9853877704787082,3.8267296864016735,
2021-07-01,62.1,52.8,73.3,4.8,29.8,0.0,1.0024130539753051,0.8876838994327967,2.95625462076248,
2021-07-02,62.1,54.7,78.2,3.0,29.7,0.0,1.0023515339291669,0.8393699768682195,2.0649195225975125,
2021-07-03,62.6,58.6,88.0,2.8,29.6,0.0,1.001950986410929,0.8783548677628475,3.1628246861559237,
2021-07-04,61.4,57.9,89.2,3.1,29.4,0.0,1.0020300554283104,0.8846842013447741,2.760576344296417,
2021-07-05,59.4,53.2,81.1,5.0,29.3,0.0,1.0024810205932548,0.9310147210021579,3.2200289026489513,
2021-07-06,57.8,54.3,88.6,8.0,29.1,0.0,1.0036821302948369,0.9620164881032056,3.5481097944075435,
2021-07-07,60.9,56.5,86.5,5.9,29.5,0.0,1.0038385063034068,0.8658329724332583,2.2276267398026146,
2021-07-08,61.5,54.3,78.5,5.4,29.8,0.0,1.0039602827444236,0.8558758210323224,2.1421607796027,
2021-07-09,62.1,53.9,75.9,2.4,29.9,0.0,1.0037346644141427,0.8262281042920279,1.3346855421932102,
2021-07-10,63.3,58.0,83.8,3.3,29.7,0.0,1.0031461444841518,0.8940764195444215,1.8446518343974483,
2021-07-11,63.1,55.6,78.3,3.5,29.7,0.0,1.0037154346454813,0.9452163759963778,2.794983183634973,
2021-07-12,60.5,58.3,93.5,4.0,29.6,0.0,1.0053829713960891,0.9513443097988531,3.0917285980678932,
2021-07-13,63.5,57.3,81.5,6.3,29.7,0.0,1.005135799246509,1.0109819577768568,3.68033452394288,
2021-07-14,61.9,54.8,78.9,7.9,29.8,0.0,1.0054366350844333,1.0098836307973489,3.4325783217252086,
2021-07-15,64.8,57.0,77.2,7.3,29.9,0.0,1.0051849792747432,0.9762412798967776,2.8106689997391068,
2021-07-16,65.7,57.6,76.9,5.3,30.1,0.0,1.005098681359451,0.9692043657346038,1.6444876315367734,
2021-07-17,69.5,59.9,74.0,4.3,30.1,0.0,1.0040201327161464,0.9532324669396308,1.4997557743225658,
2021-07-18,70.7,60.6,72.4,4.1,30.0,0.0,1.0047171242884845,0.9993544645225744,2.35975278187773,
2021-07-19,71.6,60.4,69.4,3.9,29.9,0.0,1.0068737446891356,0.9866107631449766,1.736872343207681,
2021-07-20,71.9,59.6,68.3,4.8,29.9,0.0,1.006849934379824,0.9893083620123531,1.1645485992880054,
2021-07-21,71.2,61.0,72.3,2.1,29.9,0.0,1.0071190863905382,0.9925101378857868,0.6863933179984517,
2021-07-22,74.3,61.9,67.7,3.7,29.9,0.0,1.0073835193614329,1.01202839160905,0.6045440837535923,
2021-07-23,66.5,58.8,76.6,5.8,29.8,0.0,1.00664902680225,0.986277727411728,0.2534779743753517,
2021-07-24,62.6,53.0,70.7,6.5,29.6,0.0,1.0051218876688912,0.9837148678455924,0.16835710769221124,
2021-07-25,64.4,53.6,68.8,4.6,29.5,0.0,1.0058514579122655,0.9924332782890428,0.7035380491672559,
2021-07-26,65.7,56.8,75.1,5.3,29.5,0.0,1.009521692588763,0.9883482758513152,0.12781225478970648,
2021-07-27,61.7,57.4,87.1,3.3,29.5,0.0,1.01025358587334,1.0139263830121676,0.5158908289533732,
2021-07-28,58.1,53.5,85.5,7.0,29.4,0.0,1.0112407770202128,1.0285312615812192,0.06218469867861531,
2021-07-29,58.2,52.1,80.8,10.7,29.4,0.0,1.0109869322271852,1.0275126783532966,0.09913046997414854,
2021-07-30,57.8,54.4,88.4,8.8,29.4,0.0,1.0108072035003426,1.0256211984455463,-0.017304420144712562,
2021-07-31,60.0,54.9,84.2,7.2,29.5,0.0,1.0100407859100713,1.025526382177401,0.12970425307953548,
2021-08-01,58.9,52.4,80.2,4.0,29.6,0.0,1.011159733660744,1.0333895082288431,0.7348174098567235,
2021-08-02,59.2,50.1,72.0,4.7,29.7,0.0,1.0173845715902887,1.0416660493764844,0.8990311221586218,
2021-08-03,59.6,49.3,71.1,3.4,29.6,0.0,1.0168084538200552,1.0393389475534975,0.8206695458297297,
2021-08-04,60.5,53.4,79.3,3.2,29.6,0.0,1.0172147318466316,1.0198487859176637,1.4919107132756126,
2021-08-05,60.9,55.1,81.6,5.4,29.3,0.0,1.017292574676944,1.0199376922664405,0.9566772667987198,
2021-08-06,61.6,56.0,82.8,8.7,29.1,0.0,1.0156679168124845,1.0180514643811205,0.8618028301640184,
2021-08-07,58.5,54.9,87.7,7.3,29.1,0.0,1.0144155280549687,1.0165974541644012,0.7795801226604939,
2021-08-08,59.3,55.7,88.8,10.4,29.3,0.0,1.0151976177847457,1.0175037152332185,1.319281412618188,
2021-08-09,59.4,53.3,80.7,6.3,29.5,0.0,1.0210809066133313,1.024326689228625,1.6429409926568388,
2021-08-10,61.6,54.8,79.2,7.1,29.7,0.0,1.0220641505585035,1.0254649727397052,1.547372147012931,
2021-08-11,61.2,56.6,84.8,5.4,29.7,0.0,1.0236536761098047,1.0273060447981706,1.5141250257541632,
2021-08-12,60.7,51.9,74.5,7.2,29.7,0.0,1.0202229874301152,1.023325403524127,1.323782914499371,
2021-08-13,61.6,52.5,72.8,11.3,29.8,0.0,1.0192277524780269,1.022169591224882,1.3365223736755665,
2021-08-14,59.8,54.3,82.4,5.1,29.8,0.0,1.0167561399063438,1.0193023005970574,1.2861513358693308,
2021-08-15,61.2,56.4,85.0,6.9,29.6,0.0,1.0181941894311028,1.0209682501957145,1.9943244129995883,
2021-08-16,58.2,52.7,81.0,11.8,29.8,0.0,1.0267411801112782,1.0308746435461489,2.0464789723770394,
2021-08-17,58.8,56.3,92.5,10.6,29.8,0.0,1.0282388648473786,1.032607398215588,1.5144516029002335,
2021-08-18,59.1,55.7,89.6,9.8,29.7,0.0,1.0328003123158136,1.037890226140187,2.1055868694669364,
2021-08-19,60.2,57.1,89.9,4.7,29.6,0.0,1.0368911229950757,1.0426257348940375,1.557641667771171,
2021-08-20,64.2,58.7,83.5,4.0,29.7,0.0,1.0323063667300958,1.0373081349308215,1.4192711312280897,
2021-08-21,61.8,59.7,93.3,2.3,29.7,0.0,1.021665645202275,1.0249763900231763,1.5826273847512948,
2021-08-22,62.3,58.8,89.2,6.6,29.8,0.0,1.0197849080099723,1.0227956562796214,2.148310816882302,
2021-08-23,64.5,55.6,74.5,5.0,30.1,0.0,1.0257475957518716,1.029701031809794,2.0074352807707183,
2021-08-24,62.5,55.1,78.0,3.8,30.2,0.0,1.0214043267296984,1.0246676833500798,1.960169344994916,
2021-08-25,62.2,55.7,80.2,3.7,30.1,0.0,1.01868041026238,1.0215109797596962,1.7511870863413952,
2021-08-26,61.3,51.6,71.9,8.7,30.0,0.0,1.0155280407842335,1.0178586626562571,1.3444599710161114,
2021-08-27,58.6,48.6,70.0,6.6,30.0,0.0,1.0132892368382531,1.0152649239754112,0.869451705012119,
2021-08-28,59.0,50.3,74.5,3.9,30.1,0.0,1.0108007287445515,1.0123823507159355,1.0626678594433836,
2021-08-29,57.5,49.6,76.5,7.0,30.1,0.0,1.0104192647977448,1.0119401409227682,1.7235464636019246,
2021-08-30,58.9,50.5,73.6,8.5,30.1,0.0,1.0144714186585488,1.0166320456715812,1.999595827579686,
2021-09-01,58.0,51.4,78.9,7.3,30.2,0.0,1.0143978116978032,1.0165451859034245,1.7900957572238747,
2021-09-02,60.5,51.6,72.3,7.3,30.1,0.0,1.0134859841232813,1.0154886630265143,1.6284420893902205,
2021-09-03,58.7,52.3,78.6,5.6,30.0,0.0,1.0107177750688865,1.0122830279037696,0.9502529830301482,
2021-09-04,59.4,52.2,77.2,3.5,29.8,0.0,1.0090163690332503,1.0103128030867707,1.2692247287210383,
2021-09-05,64.3,55.2,73.1,2.6,29.9,0.0,1.009138798002788,1.0104542320033474,2.117823424842702,
2021-09-06,66.2,60.3,82.2,2.8,29.9,0.0,1.0139780727542482,1.0160561316542882,1.4525606374763165,
2021-09-07,68.2,59.9,76.9,2.4,29.9,0.0,1.0142067155007977,1.0163200584639425,1.314412808655876,
2021-09-08,72.5,56.7,59.3,4.2,29.6,0.0,1.0150535280037918,1.0172994968366336,1.1536977373233648,
2021-09-09,66.7,60.7,81.5,2.9,29.4,0.0,1.0140019273621903,1.0160814458503873,0.7745371095519106,
2021-09-10,65.2,61.8,88.4,4.4,29.5,0.0,1.0122934642933357,1.014103291502507,0.5543670459674938,
2021-09-11,62.4,57.3,84.2,7.6,29.7,0.0,1.0093256773583774,1.0106678229503423,0.5730290666746984,
2021-09-12,58.0,54.6,89.1,2.8,29.8,0.0,1.0098668486315536,1.0112938378980476,1.0206320169269436,
2021-09-13,58.5,53.2,82.3,4.7,29.8,0.0,1.0143238899877545,1.016451676810841,1.0104171446302732,
2021-09-14,59.2,54.4,84.4,6.1,29.7,0.0,1.0139091592470464,1.0159709714492535,0.7947014199767765,
2021-09-15,59.0,53.0,81.4,3.4,29.7,0.0,1.0143598186724228,1.016491758721753,1.3940968123152273,
2021-09-16,60.7,55.3,83.0,3.2,29.7,0.0,1.013142393789416,1.0150822672677613,1.2245376843825555,
2021-09-17,60.4,53.5,78.4,3.8,29.6,0.0,1.0116495917998791,1.0133543093573911,0.9913758338254076,
2021-09-18,63.6,55.2,74.5,3.1,29.6,0.0,1.0097858775840258,1.01119736197224,1.6332074462185726,
2021-09-19,58.4,53.4,83.8,4.7,29.7,0.0,1.0099227402407105,1.0118607934234234,2.2389739254685788,
2021-09-20,53.5,48.6,85.3,4.0,30.0,0.0,1.0150685159702102,1.0173085059539522,2.0378501413003427,
2021-09-21,58.2,53.3,84.3,4.0,30.1,0.0,1.014539388572982,1.0166955363103154,1.7449832942647934,
2021-09-22,57.0,52.0,84.5,6.3,30.0,0.0,1.0150544563247337,1.0172906397776302,1.3517671338678916,
2021-09-23,58.5,54.0,85.0,8.7,29.8,0.0,1.0133680885116654,1.0153390298822411,1.6134196613221008,
2021-09-24,61.4,57.1,86.0,8.0,29.7,0.0,1.0112187784386906,1.0128521332478593,1.3681060482933485,
2021-09-25,64.4,61.0,89.1,2.9,29.6,0.0,1.0098464361570747,1.0112642403593322,1.3790734577744543,
2021-09-26,62.9,56.1,79.6,5.7,29.5,0.0,1.009327732916066,1.0106639097742989,2.1579359993116274,
2021-09-27,57.1,49.2,76.3,11.0,29.4,0.0,1.013633188153199,1.015643607836147,1.5094544475865168,
2021-09-28,52.2,48.5,87.8,5.7,29.6,0.0,1.0122750133616671,1.0140720771455862,1.4942066030350314,
2021-09-29,49.2,44.2,83.2,7.5,29.8,0.0,1.01246548252893,1.0142918475743143,1.340504379036916,
2021-09-30,54.5,51.1,88.7,9.3,29.6,0.0,1.011207906454455,1.0128368815191104,1.0833838643427636,
2021-10-01,54.1,47.1,77.9,10.7,29.4,0.0,1.0099367847792844,1.0113663932759351,1.0222273783800524,
2021-10-02,50.3,47.1,89.2,6.0,29.1,0.0,1.0078205809158134,1.0089187053816009,1.111626742488573,
2021-10-03,50.3,45.9,85.5,8.5,29.0,0.0,1.0072006436643208,1.008201564477091,1.9736751050440724,
2021-10-04,51.7,47.5,86.8,6.2,29.4,0.0,1.0105940109980898,1.0121255866013856,1.5587569512164519,
2021-10-05,51.4,47.5,88.2,11.0,29.2,0.0,1.0148254972052244,1.017018363080717,1.6715507995521146,
2021-10-06,53.8,46.8,77.7,7.7,29.8,0.0,1.0136991350804232,1.015715198165932,1.8700809003564136,
2021-10-07,61.0,56.6,85.8,5.7,29.9,0.0,1.0129982743312451,1.0149041845826705,1.368730335727783,
2021-10-08,59.6,55.5,87.1,4.1,30.1,0.0,1.0113127304571348,1.0129547418290374,0.8053049033527111,
2021-10-09,58.4,55.4,90.8,2.3,30.1,0.0,1.00895764571186,1.0102313532916434,1.1910056306484078,
2021-10-10,55.1,50.0,84.3,6.8,30.1,0.0,1.008781124160918,1.0100269983404342,1.8986088366313032,
2021-10-11,52.5,47.7,84.7,5.5,30.1,0.0,1.0134488966489026,1.0154233459494333,1.4850368534038922,
2021-10-12,54.3,51.8,91.6,5.7,30.0,0.0,1.010726109422018,1.0122749649166718,0.9769363608674952,
2021-10-13,54.0,52.6,94.8,5.3,30.1,0.0,1.0097843127990869,1.0111858102685811,1.115814994941763,
2021-10-14,54.8,50.5,85.3,6.7,29.9,0.0,1.0086958987132892,1.0099272491706386,0.8644453075904366,
2021-10-15,49.8,42.4,77.1,4.3,29.9,0.0,1.0075661066264878,1.0086209445285437,0.7425834871401868,
2021-10-16,50.6,46.0,84.3,3.1,29.8,0.0,1.0056937857769317,1.0064563509168691,1.191617836881208,
2021-10-17,56.3,52.9,88.8,5.6,29.7,0.0,1.0060660165298287,1.0068865447388202,1.79563581888989,
2021-10-18,57.0,54.5,91.8,4.7,29.6,0.0,1.0104797726397976,1.011988533744177,1.6615579502018627,
2021-10-19,61.9,59.2,91.3,7.8,29.4,0.0,1.0079798590542504,1.0090984942288923,1.403470649619993,
2021-10-20,51.8,49.1,90.8,5.6,29.1,0.0,1.008240171018972,1.0093991861249385,1.183489807335009,
2021-10-21,46.2,38.0,74.5,10.1,29.5,0.0,1.0078139865162563,1.0089063573694752,1.0050940604953875,
2021-10-22,50.0,44.6,82.7,10.5,29.8,0.0,1.0075402583688882,1.008589777267269,0.833400639218578,
2021-10-23,50.8,44.1,78.1,6.1,29.9,0.0,1.0076763874520498,1.0087469403005394,0.7282315413767297,
2021-10-24,53.2,47.1,80.2,8.2,29.6,0.0,1.0095727363192413,1.0109385413212102,1.423905599545905,
2021-10-25,50.9,46.0,84.1,7.1,29.6,0.0,1.0125536351964008,1.0143834136830625,0.965438967894416,
2021-10-26,54.6,49.7,83.5,8.0,29.6,0.0,1.012053073098718,1.0142460022927189,1.3278576365565846,
2021-10-27,60.5,53.2,76.5,12.2,29.6,0.0,1.01086245516411,1.0129014491523929,1.4406771585719702,
2021-10-28,57.6,52.4,82.5,9.6,29.3,0.0,1.0106460851939618,1.0125580445767566,1.0835416691780857,
2021-10-29,53.0,49.0,86.3,7.7,29.0,0.0,1.0096819988771035,1.0110629536274265,0.6903344891833352,
2021-10-30,50.2,44.9,82.8,7.1,29.1,0.0,1.0085791754416211,1.0097882835473195,1.2071363581051928,
2021-10-31,49.7,45.4,85.1,10.3,28.8,0.0,1.0107178075314338,1.0122593144897072,1.1867293360139723,
2021-11-01,46.9,43.6,87.5,12.1,28.9,0.0,1.0139341465407972,1.0159753787295231,1.0347202547981942,
2021-11-02,44.5,41.3,88.8,4.3,29.2,0.0,1.0116030544965198,1.0132813544180286,1.2260336336290507,
2021-11-03,45.1,41.4,87.3,5.3,29.4,0.0,1.0109364475093223,1.0125107390610657,1.0486125817009369,
2021-11-04,41.4,35.5,79.5,5.7,29.8,0.0,1.0101704388662225,1.0116253447484955,0.7134200880905378,
2021-11-05,41.0,39.7,95.5,4.3,30.0,0.0,1.0084941533823812,1.0096883267009646,0.7687143881921358,
2021-11-06,51.4,46.9,85.5,10.4,29.8,0.0,1.0080353404464828,1.0094780423560743,0.96449513624643,
2021-11-07,49.9,41.1,71.9,13.6,29.8,0.0,1.0103427533634215,1.0122821394805397,1.4642951943575162,
2021-11-08,48.8,45.7,89.6,5.1,29.9,0.0,1.0142449704534424,1.016745676383264,1.323425557502777,
2021-11-09,55.5,51.6,86.5,7.3,29.8,0.0,1.0121790534355135,1.0143455744935888,1.2677902769197908,
2021-11-10,50.0,48.9,96.5,2.5,29.9,0.0,1.0124908065089546,1.0147038194336144,1.2576567263330505,
2021-11-11,50.2,47.7,92.6,4.4,29.8,0.0,1.0118759662754806,1.0140003604723085,1.3131020993165223,
2021-11-12,52.8,48.4,86.3,10.8,29.4,0.0,1.0107048450691638,1.0125141446337522,0.8250562095543182,
2021-11-13,50.7,47.0,88.5,6.8,29.7,0.0,1.0096019062596997,1.011234776772861,0.8371049441617855,
2021-11-14,43.3,42.6,97.7,2.0,30.0,0.0,1.011970161641101,1.0137003424462756,1.753780478121035,
2021-11-15,48.4,46.5,94.3,2.1,30.0,0.0,1.0162683290516097,1.0191870126544744,1.7307428961400657,
2021-11-16,49.7,48.0,94.7,4.3,29.9,0.0,1.0153876570887406,1.0180854495395897,1.4302496849627344,
2021-11-17,48.3,44.0,84.9,7.9,29.9,0.0,1.0150964411881889,1.0177086561860706,1.2614150061793579,
2021-11-18,51.9,49.0,90.2,6.2,30.0,0.0,1.0139296269012508,1.0163023068780106,1.076051077598873,
2021-11-19,53.5,48.5,84.3,7.0,30.1,0.0,1.0128150519644918,1.0149859077463896,0.9585291244849388,
2021-11-20,50.1,44.3,80.1,8.2,29.9,0.0,1.01091809590082,1.0124822027726723,1.0683799508694165,
2021-11-21,41.1,34.2,77.3,7.7,29.9,0.0,1.0131095516327624,1.015012317426759,1.4832192349434292,
2021-11-22,37.3,33.1,85.9,3.1,30.2,0.0,1.0180935452554274,1.0207665074300356,1.5575840395841305,
2021-11-23,43.2,41.1,91.6,3.8,30.2,0.0,1.0158367930075385,1.018159993293054,1.2208956428710696,
2021-11-24,44.8,41.2,87.1,5.1,29.9,0.0,1.015059579222601,1.017261964705927,1.1268865124442229,
2021-11-25,36.0,31.9,85.9,4.0,29.8,0.0,1.0129583242692273,1.0148354266702255,1.2556704429327028,
2021-11-26,42.6,36.8,81.1,15.3,29.1,0.0,1.0114673881978846,1.0131137106494257,0.7900505552123446,
2021-11-27,36.7,27.5,70.1,19.7,29.3,0.0,1.008803233905093,1.0100377008405337,1.0475486042384288,
2021-11-28,30.5,25.4,82.2,3.9,29.5,0.0,1.0092207075866395,1.010519436879435,1.348500421085501,
2021-11-29,32.5,31.7,96.8,4.0,29.6,0.0,1.0131846435963197,1.015095170395112,1.923787145924229,
2021-11-30,49.4,47.4,93.4,12.3,29.4,0.0,1.0108364775142098,1.0123840692406083,1.4902545445979227,
2021-12-01,43.0,37.6,81.6,13.5,29.2,0.0,1.0112143657308563,1.0128199595889715,1.4540906368095037,64.30696427309775
2021-12-02,35.4,27.1,72.9,6.2,29.6,0.0,1.0100851304121514,1.0115161369562204,1.1678638054175656,29.74934936815839
2021-12-03,41.6,39.8,92.8,5.5,29.3,0.0,1.0102056490134457,1.0116549757772255,1.0792230761009487,1.003331426139127
2021-12-04,41.9,38.0,86.8,15.5,29.1,0.0,1.0078493386494416,1.0089349046912257,0.9904376932064414,1.0025472116132736
2021-12-05,41.3,35.1,78.4,10.8,29.5,0.0,1.007774404330362,1.0088482493140527,1.6411593646636211,1.0025224629201086
2021-12-06,38.3,35.7,89.6,7.1,29.5,0.0,1.0112938462688486,1.0129102785791662,1.1742526109369162,1.0036946998987382
2021-12-07,40.4,35.2,82.2,10.0,29.0,0.0,1.009027851536426,1.0102945732475987,1.293642659827215,1.002940410005244
2021-12-08,41.5,38.4,89.8,15.6,28.7,0.0,1.0082233096878899,1.009365785248875,1.2393713688300414,1.0026727006955285
2021-12-09,43.6,40.0,88.3,8.7,29.1,0.0,1.007640071066458,1.0086924658798664,0.965546943706263,18.924540528413907
2021-12-10,40.5,36.8,86.5,8.9,29.2,0.0,1.0062871955512185,1.0071309188377644,1.0257346677007295,15.469665458132946
2021-12-11,42.3,40.8,94.1,5.5,29.6,0.0,1.005306402322939,1.0059988638164283,1.002892057921741,1.0017015504184126
2021-12-12,52.9,50.2,91.3,5.8,29.7,0.0,1.006485154042723,1.0073591969785811,1.7803130385608268,1.002094343764638
2021-12-13,47.9,45.1,89.8,3.9,29.8,0.0,1.010632680101423,1.0121456432198859,2.3365673482566582,1.0034764012492996
2021-12-14,46.1,44.9,95.8,4.0,29.9,0.0,1.0100545853533145,1.0114782054414329,3.0615873060822563,27.698914367414687
2021-12-15,46.9,44.1,89.7,5.1,30.1,0.0,1.0104608090802287,1.0119467292866862,2.6611482531195443,18.55629468874693
2021-12-16,44.3,42.8,94.1,2.1,30.3,0.0,1.0097049739993835,1.011074224107955,2.1482472280051184,1.0031682683428054
2021-12-17,40.7,39.2,94.1,1.9,30.5,0.0,1.0088350915817896,1.0100701694754666,2.4346205090310367,1.0028786122160742
2021-12-18,41.1,39.2,93.6,2.3,30.4,0.0,1.0075324434327697,1.0085667846920463,2.273460882523468,1.0024446199097152
2021-12-19,34.4,33.9,97.8,1.4,30.3,0.0,1.0084839993357704,1.0096646669589524,4.123505707643256,1.002762025867565
2021-12-20,39.0,36.3,90.1,2.5,30.1,0.0,1.0123370530208655,1.0141104927565916,4.792981417631355,1.0040469391030205
2021-12-21,38.2,32.0,77.7,3.1,30.0,0.0,1.0110458761034182,1.0126202735371734,5.3656285458177715,1.0036168605068745
2021-12-22,37.5,32.8,83.4,4.5,29.7,0.0,1.0115911480263655,1.0132491122511609,4.733216873849301,1.0037990981792029
2021-12-23,44.5,42.8,93.7,4.7,29.4,0.0,1.0107745605570135,1.0123065942270706,3.7027571138458235,1.003527162132506
2021-12-24,45.6,43.1,90.2,6.1,29.4,0.0,1.0095360252833856,1.0108773095250865,1.4758475038833407,1.0031143957322812
2021-12-25,40.0,34.8,81.4,10.9,29.4,0.0,1.0084104520035366,1.009578443326635,2.3864056792128987,1.002739202369663
2021-12-26,40.1,38.2,91.9,4.6,29.3,0.0,1.0092861848827712,1.0105886326230695,4.8219554484667375,1.0030315797302751
2021-12-27,44.7,42.9,92.9,4.5,29.0,0.0,1.0130682533430713,1.0149517944306876,4.2702751256598415,1.0042937701314163
2021-12-28,46.1,45.2,95.7,5.7,29.0,0.0,1.0116912247253096,1.0133627414172406,5.809018178335968,69.07163646488111
2021-12-29,47.6,44.2,88.4,6.8,29.3,0.0,1.0117808837234548,1.01346583529515,4.073201443128888,31.34463125571424
2021-12-30,55.4,53.5,92.3,9.9,29.4,0.0,1.01045191215164,1.011932377648861,2.6216775488077633,18.44293974623327
2021-12-31,55.3,51.3,86.0,10.0,29.6,0.0,1.0092927359440589,1.0105948956417472,0.9471844959947422,10.000259771299948
2022-01-01,54.8,49.1,81.4,8.6,29.6,0.0,1.0079310119399176,1.0090238372874578,2.4754773998237183,14.08820016334968
2022-01-02,48.6,45.0,87.0,8.2,29.4,0.0,1.0096104655811766,1.0109610228433012,3.2706238257704623,14.430928140534967
2022-01-03,46.6,40.8,80.1,9.9,29.3,0.0,1.0140803925659367,1.0161169175482574,3.873348814909905,29.851241209554395
2022-01-04,37.9,31.8,79.7,8.9,29.3,0.0,1.0143160960118804,1.01638830855271,2.3896182779262842,25.340926496842734
2022-01-05,37.2,31.5,79.7,7.9,29.6,0.0,1.013721524905744,1.0157020119751634,1.2903046581272049,18.22839269993139
2022-01-06,35.8,31.7,85.3,7.0,29.6,0.0,1.0126963851790187,1.0145191572006067,-0.0006672358345982676,12.426341157304218
2022-01-07,36.1,32.5,87.4,9.0,29.4,0.0,1.0106276559604228,1.012132739759315,-0.574158442040172,10.23648290503628
2022-01-08,41.5,38.4,88.9,9.3,29.2,0.0,1.0085046523961323,1.0096838746761216,-0.4320407757934919,12.138432815833685
2022-01-09,40.5,36.5,85.7,8.2,29.3,0.0,1.0096490409822816,1.0110035801244677,-0.004568349567136254,13.863686114478636
2022-01-10,44.4,41.1,88.1,4.8,29.7,0.0,1.0144783579389385,1.0165730507436297,-0.4901507516024124,14.525594835953818
2022-01-11,43.7,42.6,95.7,4.0,30.1,0.0,1.013810728398596,1.015802599500384,-0.8151397280783435,13.968559505669965
2022-01-12,37.2,36.2,96.6,2.5,30.4,0.0,1.01428367868537,1.0163475692155748,-1.2269937301227705,11.512886428477545
2022-01-13,37.6,36.6,96.5,2.9,30.4,0.0,1.0136507681548408,1.0156172180613658,-1.4170162902466563,11.358928850132127
2022-01-14,37.1,35.8,95.5,1.8,30.3,0.0,1.012526686957236,1.014320526028409,-1.6893874656314247,8.95879675524797
2022-01-15,36.4,33.7,90.3,3.5,30.0,0.0,1.0118483538549568,1.0135379452968842,-1.5071020847595717,11.894399167978015
2022-01-16,40.8,37.9,90.1,4.9,30.0,0.0,1.0125655906135165,1.0143646777429451,-1.0910888434474784,17.039460758479215
2022-01-17,37.8,35.6,92.7,3.2,30.4,0.0,1.0224403623883596,1.025750534946019,-1.267920835421259,11.825568848412855
2022-01-18,35.0,32.9,92.0,3.6,30.3,0.0,1.0263004368781352,1.0301999488700753,-1.3897519879046032,8.909049476577485
2022-01-19,42.3,38.1,84.9,9.0,30.0,0.0,1.0291834756290026,1.0335222205541683,-1.3407362584930729,7.695686233646412
2022-01-20,33.3,28.5,83.8,3.2,30.3,0.0,1.027138397267089,1.0311626477956133,-1.4055210071890285,5.41947181396838
2022-01-21,37.8,33.2,84.1,5.5,30.4,0.0,1.023595464430077,1.0270767478410452,-1.367570082553254,3.655600596227814
2022-01-22,43.1,38.6,85.0,5.2,30.3,0.0,1.0220808973616509,1.0253295969138574,-1.0868659773412264,6.076013161944603
2022-01-23,39.8,37.3,90.3,3.3,30.3,0.0,1.0217326323984126,1.024927072550788,-0.8723872903098737,7.664337428143384
2022-01-24,35.5,33.2,91.9,2.9,30.2,0.0,1.0329974297624946,1.0379101465242833,-0.779663215949167,5.8621971888690165
2022-01-25,35.1,32.9,91.7,2.7,30.2,0.0,1.0364917530594555,1.0419350643426382,-0.7026593113774555,3.8116783539427215
2022-01-26,42.5,37.3,82.3,6.8,30.1,0.0,1.0378267483230956,1.043470695121525,-0.5437650740871882,2.135289503090271
2022-01-27,47.4,43.0,85.0,11.3,30.0,0.0,1.0367745433914095,1.0422551433437701,-0.4211929086178261,1.5206969108455002
2022-01-28,42.7,40.9,93.0,5.6,30.2,0.0,1.0309393483582558,1.0355284554989976,-0.3339083160193179,-0.8016691193763491
2022-01-29,49.3,41.4,74.9,15.9,30.0,0.0,1.0148207340502364,1.016953406637847,-0.17419960868073026,1.8626498750541771
2022-01-30,40.8,35.8,83.1,8.0,30.1,0.0,1.0253347013496337,1.0290677321523576,0.02673065859096391,2.818202253751036
2022-02-01,49.8,45.6,85.7,19.5,29.8,0.0,1.0432980202151243,1.0497592591896892,0.27441943851644657,-0.2478239798963349
2022-02-02,48.7,45.8,89.7,11.8,29.9,0.0,1.0578634825033686,1.066533712614949,0.3804443329431815,-0.8337891889004371
2022-02-03,47.9,43.3,83.5,9.0,29.6,0.0,1.046796959331389,1.0537808111290132,0.5128759472264761,-2.3525200390405097
2022-02-04,40.6,36.6,85.0,12.1,29.5,0.0,1.0362588477307375,1.0416393472464056,0.5506763385469101,-2.0379392856291068
2022-02-05,42.3,39.2,87.5,13.0,29.6,0.0,1.021743231961781,1.0249188060146142,0.6425230012308014,-1.5153373986263126
2022-02-06,44.1,38.8,81.9,18.0,29.4,0.0,1.0341898506345737,1.0392525881965493,0.7222490964786411,-0.6725709535910647
2022-02-07,42.7,39.3,87.7,7.3,29.9,0.0,1.0447962705175076,1.051464619685922,0.8249988726544758,-2.062099783050644
2022-02-08,51.6,46.5,83.3,15.6,29.9,0.0,1.0536928552174605,1.061705096564262,0.9238227513423884,-1.5535118426904595
2022-02-09,45.6,40.1,81.2,9.4,29.9,0.0,1.039928946056456,1.04585239517334,0.9317690525023016,-3.0281627837717573
2022-02-10,40.2,33.8,78.2,11.5,29.9,0.0,1.0308411384325311,1.0353862948841834,0.9105735551195064,-3.3928144734071943
2022-02-11,38.7,34.2,84.0,5.0,30.1,0.0,1.0195624531158358,1.0223990839729948,0.9739977231974232,-4.016010483999134
2022-02-12,42.9,37.5,81.5,10.4,29.7,0.0,1.0140813312315584,1.0160878391896522,1.0098967415245743,-2.6464429901747164
2022-02-13,46.8,44.7,91.2,9.3,29.1,0.0,1.014030282669684,1.0160287258025054,1.0417809939093103,-1.6750617677753217
2022-02-14,43.3,39.6,87.7,12.5,29.1,0.0,1.0212143400654592,1.0242992425951676,1.0595195367703774,0.11532034709933647
2022-02-15,43.0,38.0,83.1,9.5,29.3,0.0,1.0175481400924318,1.0200778110732782,1.0495608218545025,-0.5739532664892844
2022-02-16,51.5,44.9,79.7,18.8,29.0,0.0,1.015407799161938,1.0176132938880404,1.0406619066700942,-1.8951829938499631
2022-02-17,43.4,36.4,77.0,15.8,29.4,0.0,1.0137613361685716,1.0157174919451302,1.0277076789145092,-1.9248764964169391
2022-02-18,41.7,36.4,81.7,17.9,29.0,0.0,1.01125530571258,1.0128322820328983,1.0226943038482843,-1.2600927711387526
2022-02-19,36.8,33.8,88.6,9.1,29.4,0.0,1.009453605897744,1.0107580113410377,1.0190904017097886,-0.09882040832701923
2022-02-20,47.0,42.9,86.4,19.3,29.1,0.0,1.0134316477288008,1.0153371869621262,1.027039735245124,0.9655469198624606
2022-02-21,44.5,37.3,76.3,22.3,29.4,0.0,1.0194768738925541,1.0222956130039642,1.0391163530847278,-0.9713973750076192
2022-02-22,45.4,39.8,80.8,12.4,29.7,0.0,1.0169026934502383,1.0193319192730963,1.0339663910142651,-0.8847376036414711
2022-02-23,44.8,38.3,77.8,11.4,29.7,0.0,1.015729265289444,1.0179807764184456,1.0316170094934232,-1.2075060418273091
2022-02-24,38.8,33.3,80.7,13.6,29.5,0.0,1.0136642282198451,1.015603453862041,1.0274877886619644,-0.4837433812099985
2022-02-25,43.3,36.0,75.7,11.2,29.9,0.0,1.0109398846175892,1.0124673895194023,1.0220433004510414,-0.8732487578327583
2022-02-26,43.1,34.3,71.6,7.0,30.0,0.0,1.0094329028015854,1.0107326543939177,1.0190315648252768,0.33007118549845305
2022-02-27,42.9,31.4,64.4,7.8,29.9,0.0,1.0138228565852698,1.0157852864352674,1.0277960049224022,1.77077489833442
2022-02-28,45.9,42.6,88.5,6.3,29.9,0.0,1.0174753310987557,1.0199887976192643,1.0350844641980983,3.3150141996975853
2022-03-01,42.3,36.1,79.8,6.6,30.1,0.0,1.0156065907228722,1.0178375422119277,1.0313487375769326,3.071701285305884
2022-03-02,44.1,40.3,87.4,7.9,29.8,0.0,1.0141182696704114,1.0161242489629665,1.0283738509337756,1.6836305808657213
2022-03-03,44.9,42.1,89.7,5.2,29.7,0.0,1.0113125170636443,1.012894839674058,1.0227708720980777,2.3587994505773717
2022-03-04,42.8,38.5,85.8,8.2,29.8,0.0,1.0098856345197855,1.0112524799507208,1.019921169148888,1.5347337911987842
2022-03-05,41.0,32.4,72.5,10.1,30.1,0.0,1.0077438221355377,1.0087873958382236,1.0156455712968422,3.6628925122429257
2022-03-06,40.4,31.7,72.5,6.5,30.2,0.0,1.010535182798158,1.0119997429146577,1.0212141290056669,6.96111147810932
2022-03-07,38.3,30.3,74.7,5.3,30.0,0.0,1.0128498054735908,1.0146632999398686,1.0258298987110266,4.6921343860062965
2022-03-08,43.1,31.0,63.0,7.8,29.6,0.0,1.0108402292970264,1.0123504150525295,1.0218183255143325,4.982910335448088
2022-03-09,49.0,39.3,70.0,8.5,29.6,0.0,1.0098671109428865,1.0112303778873222,1.0198752518983816,5.462433282907903
2022-03-10,51.9,42.3,69.7,8.5,29.6,0.0,1.0083982900159407,1.0095399379727423,1.016943979430329,3.950966818486642
2022-03-11,51.0,44.0,77.0,9.0,29.3,0.0,1.0066308362364698,1.0075058922136066,1.0134177113388492,4.405632577968294
2022-03-12,48.4,39.7,72.4,8.6,29.3,0.0,1.0044245137940369,1.0049668571015116,1.0090167140815438,5.268720604196125
2022-03-13,48.5,39.8,72.8,9.3,29.4,0.0,1.0059029109122466,1.0066681163006763,1.0119647938681675,6.7461541322354295
2022-03-14,44.6,36.3,75.1,7.1,29.9,0.0,1.0090199284914159,1.0102549690462046,1.018179976650205,7.462829291585456
2022-03-15,46.4,36.4,69.7,4.5,29.9,0.0,1.0073782786426684,1.008365747668004,1.0149052148653963,6.82364699128623
2022-03-16,46.4,42.6,86.3,5.3,29.8,0.0,1.0065758385474846,1.0074422793450375,1.0133043367458114,4.734141390846416
2022-03-17,44.3,38.6,81.6,8.1,30.1,0.0,1.0046261425565273,1.0051986627171732,1.0094162974073215,3.79633437384616
2022-03-18,47.8,40.2,77.5,4.0,30.5,0.0,1.0037080940759413,1.0041422181046575,1.007585563667479,3.4873683839003773
2022-03-19,49.5,36.4,62.6,7.8,30.4,0.0,1.0025465733714554,1.0028056197186366,1.0052695585297642,6.545818951457059
2022-03-20,43.7,32.5,66.2,6.1,30.1,0.0,1.0030562712132147,1.0033921267775845,1.0062856581509405,7.45076987256646
2022-03-21,42.5,31.9,69.6,2.9,30.0,0.0,1.0046982180306698,1.0052815099114385,1.0095589586007805,5.285174220081784
2022-03-22,55.1,41.9,62.0,4.9,30.1,0.0,1.004649678635699,1.0052256245759206,1.0094618370592856,4.227456254989447
2022-03-23,53.5,37.2,58.1,3.8,30.1,0.0,1.0044338615104913,1.004977255666938,1.0090312665944592,2.8094546557339406
2022-03-24,51.5,36.1,59.6,2.9,30.1,0.0,1.0036550766412289,1.0040810929154125,1.0074785227388627,1.4351344108999142
2022-03-25,51.2,34.5,56.1,3.2,30.2,0.0,1.0021593126071011,1.0023599258381806,1.0044966901073256,0.19697344713838796
2022-03-26,52.0,38.7,63.3,3.9,30.2,0.0,1.0022899705595822,1.0025102655493363,1.0047570719286345,2.043596019912009
2022-03-27,46.3,41.0,81.3,2.3,30.3,0.0,1.0024807898268522,1.0027298302277143,1.0051373600547555,3.7493734657541498
2022-03-28,51.0,43.2,74.8,2.9,29.9,0.0,1.0037914926143623,1.0042380105999846,1.0077498387890595,3.719179778720617
2022-03-29,47.5,41.4,80.1,3.1,29.6,0.0,1.0029630265983849,1.0032847037172794,1.0060983247283606,2.526664801631397
2022-03-30,41.1,36.9,85.1,8.2,29.5,0.0,1.0025008474051735,1.0027528794945908,1.005176993167547,-0.385210593563796
2022-03-31,37.2,28.0,71.8,12.9,29.7,0.0,1.001323552039051,1.0013982023254222,1.0028303738804074,-0.9404817778842696
2022-04-01,38.6,28.6,69.6,7.7,29.9,0.0,1.0013081679785991,1.00138049853073,1.0027996890061806,-2.2578337504894312
2022-04-02,38.6,29.6,73.2,3.1,29.9,0.0,1.001009821721249,1.0010372012745865,1.002421517804402,-0.9628970988601956
2022-04-03,40.1,31.3,72.8,7.3,30.0,0.0,1.0020668467308742,1.00225347506675,1.0043117725339898,-0.4953625126385952
2022-04-04,49.1,46.8,92.8,14.0,29.6,0.0,1.0036095506733156,1.0040285845818888,1.0073863657728803,-0.9854574852586307
2022-04-05,50.3,44.8,82.2,16.5,29.4,0.0,1.003808907866885,1.0042579559347842,1.007949687965962,-1.8073799961224128
2022-04-06,48.4,42.1,79.3,13.2,29.0,0.0,1.0036563573779738,1.0040824056326632,1.0076201534035722,-2.189855665040056
2022-04-07,43.2,36.1,77.4,17.1,28.8,0.0,1.0031403598039257,1.003488663074327,1.0064507144839434,-2.2833934929921567
2022-04-08,39.5,31.4,75.7,4.8,29.3,0.0,1.0035275999210749,1.0039342198870471,1.0072222466198637,-2.505217880200945
2022-04-09,39.8,30.9,72.9,7.9,29.7,0.0,1.0031761628221978,1.0035298308696194,1.0065217401630675,-1.0952582717363015
2022-04-10,43.3,29.9,63.3,3.8,29.8,0.0,1.0045490540496598,1.0051094915031202,1.009257274652354,-1.132910630745324
2022-04-11,51.4,32.0,48.4,6.9,29.5,0.0,1.0070491873526966,1.0079861314518712,1.0142384771923023,-0.6077663781259464
2022-04-12,51.6,45.8,80.9,4.9,29.4,0.0,1.0070163812128454,1.007948314069157,1.0141723081336205,-0.7181327749379247
2022-04-13,52.8,47.1,82.5,5.7,29.6,0.0,1.0076824313949988,1.008714588599886,1.01549842699299,-1.6899263063484773
2022-04-14,50.3,44.3,81.6,2.7,29.9,0.0,1.007393927586045,1.008382560864628,1.0149227442929531,-1.1333773417462694
2022-04-15,56.5,47.6,73.3,3.6,30.0,0.0,1.0071043807540685,1.008049342475787,1.0143450911647764,-1.3147363708980064
2022-04-16,57.8,49.0,74.8,5.0,30.1,0.0,1.0063881021222891,1.0072251564943084,1.0129175442360283,-0.5537685335830562
2022-04-17,58.5,43.8,59.3,6.2,29.9,0.0,1.0083797444905147,1.009516562011092,1.0168837345298225,0.2404044144161465
2022-04-18,50.6,41.9,73.5,5.2,29.7,0.0,1.0111024850191637,1.0126490302141726,1.0223050098546316,0.3379810479256471
2022-04-19,48.6,40.5,75.8,3.8,29.8,0.0,1.0105641956159208,1.0120295517453677,1.0212311059965145,-0.5371274185857269
2022-04-20,52.5,38.3,61.1,6.5,29.8,0.0,1.0103026244457214,1.011728459003706,1.0207084742665806,-0.4603792876971746
2022-04-21,53.0,37.3,56.9,8.2,29.7,0.0,1.0087648154634137,1.0099590987174256,1.0176449755582462,-0.0780612136304204
2022-04-22,52.0,39.4,64.7,13.5,29.6,0.0,1.0077269205598764,1.0087649284581048,1.0155773969887203,0.6661756648507513
2022-04-23,50.9,41.7,71.5,15.3,29.5,0.0,1.0067463621965178,1.0076367545165914,1.0136243411695196,0.8630964448619256
2022-04-24,50.8,39.5,67.2,12.6,29.6,0.0,1.008613134293293,1.0097843140792602,1.0173397985942805,1.1209347390293554
2022-04-25,47.1,37.6,70.7,5.7,29.8,0.0,1.012820792646801,1.0146248101721522,1.02577766075244,0.5294300545312894
2022-04-26,48.4,37.2,67.3,4.7,29.9,0.0,1.0104946778532886,1.011948605488107,1.0211350878776506,0.2661025016108677
2022-04-27,45.8,33.7,63.5,5.1,30.1,0.0,1.0101945248609845,1.0116031582663427,1.0205379665905463,0.4155766548037748
2022-04-28,46.4,34.9,64.1,4.2,30.2,0.0,1.0083745389045902,1.009509334241208,1.0168592522290945,0.6209206371820433
2022-05-01,50.6,46.7,86.3,3.5,29.9,0.0,1.0062194485890257,1.0070299729033785,1.0125686304787551,1.3508528842213738
2022-05-02,53.4,49.3,86.8,3.8,29.9,0.0,1.0097111118298765,1.011046554624875,1.019515000066994,1.5703078172017968
2022-05-03,50.4,46.5,86.5,2.8,29.9,0.0,1.0073962478543992,1.0083835581845986,1.0149083199237856,1.4110015187605343
2022-05-04,52.1,48.4,87.9,7.3,29.8,0.0,1.0063503833708274,1.0071803963914807,1.0128268936426783,1.4615421973617988
2022-05-05,54.5,47.1,77.1,5.1,29.9,0.0,1.0032574221457484,1.0036224285253863,1.006673401696108,1.0885361118231196
2022-05-06,55.2,50.5,85.1,6.6,29.9,0.0,1.0025300563215631,1.002785706544139,1.0052262804485634,0.9800304095440115
2022-05-07,55.1,47.9,79.1,5.4,30.0,0.0,1.0002982245616747,1.0002183599837722,1.0007863207548529,0.6599360659420273
2022-05-08,54.0,45.5,73.8,3.7,30.1,0.0,1.0014061260391678,1.0014928118142221,1.0029903315793296,1.819462986651192
2022-05-09,58.3,46.2,64.7,7.8,29.8,0.0,1.0033868945409126,1.0037713343161423,1.006930625972547,0.6733048803895378
2022-05-10,57.1,45.8,67.4,12.5,29.6,0.0,1.0023188665264076,1.002542748405877,1.0048059183199871,0.9873543671397416
2022-05-11,52.4,45.2,77.6,8.4,29.5,0.0,1.001352203017355,1.0014307720148885,1.0028829395535712,0.6137106132032308
2022-05-12,51.2,42.7,74.0,9.7,29.7,0.0,1.0004222917222214,1.0003610758385508,1.0010331087660247,0.6645184679646889
2022-05-13,55.9,45.9,70.2,11.7,29.7,0.0,0.9993075672916972,0.9990787846100058,0.9988156297330932,0.877675958922904
2022-05-14,58.8,47.8,69.8,4.0,29.8,0.0,0.9991755526714834,0.9989269238711858,0.9985530008676646,1.6691586414892692
2022-05-15,60.8,50.1,68.5,5.3,29.7,0.0,0.9995065463493163,0.9993076728261674,0.9992114327360412,2.0305611819338534
2022-05-16,59.1,54.7,85.7,5.1,29.6,0.0,1.0004587028313168,1.0004029611384722,1.0011055493957242,1.8183157982611284
2022-05-17,61.2,53.3,76.6,6.1,29.7,0.0,0.9995741635339588,0.9993854541719728,0.9993459394426076,1.8127204531098764
2022-05-18,58.3,48.8,71.8,6.6,29.7,0.0,0.9991913740174424,0.9989451205903962,0.9985844405840694,1.7544914015014044
2022-05-19,56.4,45.4,69.7,4.9,29.8,0.0,0.9989518152227992,0.9986695477065192,0.9981078577938572,2.00212434137122
2022-05-20,54.3,48.1,80.0,6.3,29.7,0.0,0.9987202413574828,0.998403158790322,0.9976471447281182,1.3912776054635465
2022-05-21,55.8,46.7,73.8,6.8,29.8,0.0,0.9983088870288468,0.99792996060865,0.996828756047366,1.8399600222147483
2022-05-22,59.2,50.9,74.4,7.0,29.6,0.0,0.998460550840556,0.9981044201269912,0.9971304256687334,1.4877325991836918
2022-05-23,54.5,47.4,78.1,6.9,29.3,0.0,0.9990763200156342,0.9988127591086109,0.9983554269242666,1.3877469502360107
2022-05-24,53.8,43.5,69.7,9.7,29.4,0.0,1.0000546081550217,0.9999381196178404,1.0003016671664433,1.2390935395010254
2022-05-25,55.3,48.0,77.2,11.1,29.5,0.0,0.998877468852372,0.9986614270955991,0.9979597942716198,1.1370798732419352
2022-05-26,55.6,49.8,81.7,10.8,29.8,0.0,0.9989188861008328,0.9986673684685896,0.9980421657505246,0.7897662018153991
2022-05-27,53.7,41.7,64.0,12.8,30.0,0.0,0.9984622621798586,0.9981063762684884,0.9971336732943276,0.9359338814073378
2022-05-28,54.0,43.1,67.4,6.0,30.0,0.0,0.9984264219043748,0.9980651432273454,0.9970623180737131,1.2825770033648038
2022-05-29,51.1,40.9,68.6,4.3,29.9,0.0,0.9989924620271216,0.9987162823640664,0.9981884516810442,1.3832299450018963
2022-05-30,49.0,44.5,83.6,5.5,29.6,0.0,0.9991441142093508,0.9988907333133624,0.998490154115885,1.1357834516867222
2022-05-31,51.4,45.3,80.5,6.6,29.6,0.0,0.9990205047553318,0.9987485374719366,0.9982659235703898,1.0369806050010717
2022-06-01,52.8,45.6,78.5,4.2,29.8,0.0,0.9986559497532292,0.9984122729669604,0.9975441779041274,1.2343478983152487
2022-06-02,57.3,46.2,69.3,3.2,29.8,0.0,0.9983501538710238,0.9980723109582724,0.9969103770704436,1.3804832968405971
2022-06-03,58.8,47.4,68.1,7.5,29.8,0.0,0.998533178402332,0.998187931874048,0.9972744861024267,1.4765478067973563
2022-06-04,55.0,45.0,69.5,9.3,29.9,0.0,0.9981231810203961,0.9977162829793916,0.9964586556553789,2.003200573717611
2022-06-05,51.1,46.8,85.8,6.8,29.8,0.0,0.9983980858908847,0.9980325175004532,0.9970055830216252,2.1852734460895835
2022-06-06,53.5,47.8,82.1,3.5,29.7,0.0,0.9991501647224316,0.9988976781238984,0.998502003190514,1.7074422837986485
2022-06-07,59.8,50.9,74.2,3.1,29.6,0.0,0.9996701483578629,0.9994958474235229,0.9995366374484692,2.7283149009200987
2022-06-08,58.8,53.1,82.6,7.0,29.4,0.0,0.9993949458366332,0.9991792636207686,0.9989890396701528,2.2449566888479437
2022-06-09,56.5,50.7,81.7,6.6,29.6,0.0,0.9993005256402664,0.9990706448314828,0.9988444249432686,1.7741065747891867
2022-06-10,60.8,49.7,68.1,10.8,29.7,0.0,0.999012356187056,0.9987391425563564,0.9982872114897616,2.083452450919601
2022-06-11,59.6,48.1,67.7,13.6,29.8,0.0,0.9989477644337672,0.9986648360699344,0.9980991836804808,1.5358198342171192
2022-06-12,58.0,46.0,65.9,12.8,29.9,0.0,,,,
2022-06-13,56.9,45.8,67.6,7.6,30.0,0.0,,,,
2022-06-14,58.8,45.1,61.7,3.8,29.9,0.0,,,,
2022-06-15,60.4,48.3,65.8,4.2,29.8,0.0,,,,
2022-06-16,63.3,49.7,63.7,2.8,29.9,0.0,,,,
2022-06-17,69.2,53.9,59.4,8.9,29.8,0.0,,,,
2022-06-18,56.2,46.3,69.6,7.9,29.8,0.0,,,,
2022-06-19,55.0,46.3,74.5,5.6,29.7,0.0,,,,
2022-06-20,58.3,45.0,63.6,5.8,29.8,0.0,,,,
2022-06-21,61.5,48.2,64.3,5.0,29.7,0.0,,,,
2022-06-22,63.5,53.5,71.9,4.9,29.7,0.0,,,,
2022-06-23,66.3,53.1,64.4,3.3,29.5,0.0,,,,
2022-06-24,62.2,54.8,76.9,4.8,29.3,0.0,,,,
2022-06-25,58.9,47.0,66.2,8.0,29.4,0.0,,,,
2022-06-26,59.3,45.8,62.8,9.3,29.5,0.0,,,,
2022-06-27,56.9,47.0,70.8,7.6,29.6,0.0,,,,
2022-06-28,58.8,48.4,69.3,7.4,29.6,0.0,,,,
2022-06-29,60.1,53.5,79.0,5.3,29.5,0.0,,,,
2022-06-30,59.8,51.0,74.2,5.2,29.6,0.0,,,,
